ID,First_Name,Last_Name,Email,Gender,Country,City,Street,PhoneNumber
1,De witt,Franschini,dfranschini0@oakley.com,Male,France,Nancy,43813 American Ash Road,418-398-4148
2,Rodney,Botly,rbotly1@hao123.com,Male,France,Rouen,187 5th Street,114-978-9330
3,Emlen,Morsey,emorsey2@vimeo.com,Male,Czech Republic,Trmice,27712 Dwight Park,303-383-9430
4,Mireille,Gosenell,mgosenell3@deliciousdays.com,Female,Russia,Primorsk,2940 Roxbury Pass,903-129-3188
5,Adria,Jaggli,ajaggli4@bigcartel.com,Female,Comoros,Madjeouéni,04203 Spaight Avenue,273-171-0997
6,Lawton,Rebbeck,lrebbeck5@ovh.net,Male,China,Baizhu,5824 Butternut Center,527-267-3204
7,Binny,Jewson,bjewson6@ft.com,Female,Mexico,Vicente Guerrero,7 Marcy Crossing,763-333-3097
8,Ludvig,Escoffier,lescoffier7@reference.com,Male,Ukraine,Onokivtsi,1 Hollow Ridge Trail,316-588-3497
9,Emma,Burnip,eburnip8@foxnews.com,Female,Russia,Ordzhonikidzevskiy,5 Butternut Drive,807-793-7458
10,Tiffy,Coppock.,tcoppock9@cdc.gov,Female,China,Jiufeng,0519 Scofield Hill,223-140-9917
11,Carena,Harber,charbera@cdc.gov,Female,Sweden,Ludvika,3 Gateway Terrace,614-463-7341
12,Toddy,Shark,tsharkb@acquirethisname.com,Male,Indonesia,Arjawinangun,2893 Oakridge Circle,413-281-0257
13,Krystalle,Twidell,ktwidellc@ustream.tv,Female,Indonesia,Banyubang,498 Lakewood Way,248-733-3698
14,Selia,Buttrick,sbuttrickd@t-online.de,Female,Finland,Kempele,4 East Pass,626-703-2580
15,Gaelan,Dericot,gdericote@weebly.com,Male,Canada,Duncan,75196 Old Shore Park,537-633-2428
16,Efren,Kampshell,ekampshellf@utexas.edu,Male,Philippines,Esperanza,1486 Blackbird Hill,254-310-3934
17,Shara,Zanetello,szanetellog@google.com,Female,Portugal,Soito,95543 Harper Park,753-888-9469
18,Doria,Langthorn,dlangthornh@spotify.com,Female,Russia,Magnitogorsk,82 Memorial Lane,744-794-8245
19,Elisabet,Vondrak,evondraki@i2i.jp,Female,Mongolia,Delgerhaan,7317 Prairieview Street,182-929-1078
20,Kareem,Bridgeland,kbridgelandj@meetup.com,Male,Sweden,Bjärred,99184 Sundown Hill,292-394-3334
21,Vivienne,Trillo,vtrillok@huffingtonpost.com,Female,Russia,Vrangel’,2754 Summit Trail,408-581-2026
22,Stanly,Smails,ssmailsl@ucla.edu,Male,Indonesia,Pawitan,2684 Westridge Street,120-144-4603
23,Seline,Atger,satgerm@histats.com,Female,Slovenia,Mlaka pri Kranju,4309 Northfield Parkway,672-433-1874
24,Phillipp,Kennett,pkennettn@yahoo.co.jp,Male,Morocco,Gueltat Zemmour,15 Shelley Way,498-581-2597
25,Sherm,Reynoldson,sreynoldsono@cocolog-nifty.com,Male,China,Shaoguan,6 Golf View Trail,368-334-9587
26,Sheridan,Buncombe,sbuncombep@redcross.org,Male,Philippines,Baon,71 Summit Pass,742-724-5088
27,Devland,Cuxon,dcuxonq@usatoday.com,Male,Peru,Choros,0 Milwaukee Pass,792-509-3933
28,Jase,Caine,jcainer@bbc.co.uk,Male,Poland,Mrągowo,5 Brown Crossing,437-729-4457
29,Wendye,Kesten,wkestens@arstechnica.com,Female,Honduras,El Olivar,1 Porter Center,494-135-3201
30,Henderson,Ivshin,hivshint@studiopress.com,Male,Belarus,Dzyatlava,87 Derek Terrace,458-877-0363
31,Neron,Ashmore,nashmoreu@prweb.com,Male,Ukraine,Yabluniv,81982 Spohn Crossing,301-445-9235
32,Eli,Blunkett,eblunkettv@sciencedaily.com,Male,Ukraine,Tyvriv,389 North Parkway,325-163-5099
33,Leia,O'Rowane,lorowanew@weibo.com,Female,Honduras,La Guata,970 Lunder Parkway,349-354-3307
34,Shayne,Titt,stittx@youtu.be,Male,Eritrea,Asmara,40 Delaware Hill,560-783-5931
35,Barry,Thody,bthodyy@skyrock.com,Female,China,Podu,86 Prentice Avenue,931-681-6538
36,Sarine,Leggott,sleggottz@sina.com.cn,Female,China,Shuangyuan,942 Grayhawk Court,900-195-8173
37,Gradeigh,MacGorley,gmacgorley10@bravesites.com,Male,Norway,Larvik,386 Holmberg Crossing,581-357-9366
38,Forster,Kilday,fkilday11@wordpress.com,Male,Poland,Mokotów,73 Farragut Street,164-123-7490
39,Tallou,Libbie,tlibbie12@canalblog.com,Female,Indonesia,Bringinanom,70560 Dorton Drive,173-399-5935
40,Donielle,Airdrie,dairdrie13@statcounter.com,Female,Czech Republic,Doksy,351 Hallows Center,481-674-4949
41,Sayer,Surgeoner,ssurgeoner14@theguardian.com,Male,Poland,Stary Sącz,777 Dovetail Junction,966-538-7939
42,Linnea,Wardingly,lwardingly15@china.com.cn,Female,Poland,Kuźnia Raciborska,881 Nevada Hill,931-619-3499
43,Mildred,O'Brian,mobrian16@ucla.edu,Female,Colombia,Duitama,600 Erie Crossing,915-495-4729
44,Mata,Palfreman,mpalfreman17@xing.com,Male,Poland,Częstochowa,72 Mayer Plaza,991-861-5593
45,Antonietta,Petrushkevich,apetrushkevich18@economist.com,Female,China,Wuci,813 Norway Maple Avenue,612-639-8694
46,Kerry,Malacrida,kmalacrida19@51.la,Female,France,Cergy-Pontoise,18 Reinke Alley,218-946-4529
47,Sibella,Godspeede,sgodspeede1a@deliciousdays.com,Female,Philippines,Gabaldon,5 Stoughton Road,430-329-8533
48,Leupold,Sheahan,lsheahan1b@fastcompany.com,Male,United Kingdom,Kirkton,8714 Westerfield Way,983-911-5921
49,Tristam,Ellam,tellam1c@yelp.com,Male,China,Zhizhong,2 Cambridge Point,779-233-6471
50,Shelden,McTurley,smcturley1d@accuweather.com,Male,Colombia,Salamina,92321 Maple Wood Pass,217-172-2082
51,Bradly,Sambells,bsambells1e@google.co.uk,Male,South Korea,Haenam,864 Blue Bill Park Court,287-963-1993
52,Malorie,Baniard,mbaniard1f@shinystat.com,Female,Indonesia,Sarae,4 Springview Lane,847-712-2482
53,Alma,Sancho,asancho1g@deliciousdays.com,Female,France,Le Mans,21 Division Center,877-283-6653
54,Harman,Jarlmann,hjarlmann1h@baidu.com,Male,China,Liangyaping,17417 Hoard Center,442-379-7137
55,Lauraine,Whistlecraft,lwhistlecraft1i@facebook.com,Female,Ukraine,Rodatychi,7519 Troy Parkway,713-429-4035
56,Palmer,Mulrooney,pmulrooney1j@sohu.com,Male,Argentina,Achiras,94 Kim Court,136-580-4400
57,Reamonn,Kubicki,rkubicki1k@irs.gov,Male,Kazakhstan,Aksu,2028 Continental Lane,558-372-3373
58,Ginny,Shirt,gshirt1l@networkadvertising.org,Female,Japan,Ōtsu-shi,73 Cardinal Alley,560-324-5441
59,Morgana,Duckerin,mduckerin1m@weather.com,Female,Mexico,San Isidro,61555 Independence Circle,329-538-9021
60,Micheline,Mordin,mmordin1n@bravesites.com,Female,Cuba,Cacocum,0657 Maple Plaza,345-625-1882
61,Mercy,Billion,mbillion1o@tinyurl.com,Female,Mexico,Buenos Aires,62 Truax Trail,185-118-2264
62,Mack,Billo,mbillo1p@geocities.com,Male,Madagascar,Antananarivo,1 Tennessee Plaza,269-254-2345
63,Vivie,Cumberledge,vcumberledge1q@feedburner.com,Female,United Kingdom,Hatton,0112 Buena Vista Center,279-764-1686
64,Cordie,Schriren,cschriren1r@de.vu,Male,China,Sigou,3 Golf Court,678-659-7786
65,Lebbie,Earengey,learengey1s@nature.com,Female,United States,Knoxville,382 Arizona Plaza,865-339-5816
66,Chrissie,Collishaw,ccollishaw1t@japanpost.jp,Female,Indonesia,Mulyorejo,57 Moose Circle,770-791-7095
67,Kandace,Cheese,kcheese1u@yellowbook.com,Female,Burkina Faso,Réo,851 4th Center,176-405-2481
68,Meridel,Arp,marp1v@csmonitor.com,Female,Mexico,San Isidro,2 Delaware Street,668-485-8534
69,Jarib,Creggan,jcreggan1w@1und1.de,Male,Bulgaria,Svilengrad,0 Fairview Crossing,315-916-6449
70,Caitrin,Redsull,credsull1x@geocities.com,Female,United States,Los Angeles,43 Killdeer Court,323-873-5358
71,Tana,Caudwell,tcaudwell1y@etsy.com,Female,Ireland,Rathwire,90436 Bayside Parkway,495-480-5759
72,Ulick,Abisetti,uabisetti1z@mozilla.com,Male,China,Hufang,2147 Mitchell Plaza,725-305-6679
73,Bertram,Saffran,bsaffran20@shinystat.com,Male,United States,San Angelo,4 Sachtjen Street,325-587-3571
74,Dallon,Klaaassen,dklaaassen21@domainmarket.com,Male,Honduras,San José,65272 Larry Plaza,799-896-6365
75,Roselle,Haythornthwaite,rhaythornthwaite22@accuweather.com,Female,Philippines,Batu,94 Pankratz Parkway,532-657-9753
76,Dixie,Penquet,dpenquet23@plala.or.jp,Female,United States,Nashville,1 Menomonie Plaza,615-415-1123
77,Duff,Hospital,dhospital24@scientificamerican.com,Male,China,Heting,27065 Moland Court,819-432-9536
78,Laney,Lightfoot,llightfoot25@state.tx.us,Male,Portugal,Outeiro de Polima,615 Clyde Gallagher Circle,682-624-2802
79,Hazel,Shinfield,hshinfield26@upenn.edu,Male,Canada,Longueuil,71 Surrey Terrace,633-894-9382
80,Pammy,Cawsy,pcawsy27@slate.com,Female,Philippines,San Rafael,108 Hanson Center,294-927-9122
81,Neron,Casewell,ncasewell28@yellowbook.com,Male,Poland,Rokiciny,5 Pennsylvania Pass,209-955-5298
82,Brunhilde,Mains,bmains29@github.com,Female,China,Yangjingziwan,30 Mayer Road,295-134-7783
83,Aldric,Elphinston,aelphinston2a@go.com,Male,Poland,Otyń,3 Cardinal Pass,456-136-2798
84,Annabella,Boyack,aboyack2b@salon.com,Female,Czech Republic,Horní Jelení,74 Caliangt Crossing,382-854-0768
85,Rafael,Bea,rbea2c@storify.com,Male,Russia,Kil’mez’,848 Gulseth Hill,114-458-8382
86,Kassey,Dobel,kdobel2d@youtube.com,Female,Turks and Caicos Islands,Cockburn Town,35983 Hoard Way,540-689-8319
87,Florentia,Croser,fcroser2e@netscape.com,Female,Portugal,Vila Boa do Bispo,9013 Tomscot Parkway,965-209-9108
88,Dara,Bernini,dbernini2f@ask.com,Female,Philippines,Sinubong,8596 Melvin Alley,382-360-7265
89,Cyrus,Bellworthy,cbellworthy2g@arstechnica.com,Male,Latvia,Smiltene,0135 Fair Oaks Center,444-837-8467
90,Nerissa,Milham,nmilham2h@sfgate.com,Female,Mexico,Independencia,7170 4th Park,245-569-1146
91,Bevin,Escoffier,bescoffier2i@edublogs.org,Male,Thailand,Sam Ngam,08 Sutteridge Circle,878-700-1445
92,Kiah,Craven,kcraven2j@prnewswire.com,Female,Venezuela,Temblador,047 Daystar Center,394-131-2671
93,Sebastian,Gierck,sgierck2k@sfgate.com,Male,Greece,Chalandrítsa,23241 Pepper Wood Junction,270-102-6007
94,Goddard,Spencelayh,gspencelayh2l@privacy.gov.au,Male,China,Qiling,2056 Namekagon Terrace,826-972-7699
95,Friedrick,Pendrich,fpendrich2m@blogspot.com,Male,Russia,Leninskoye,4 Jay Circle,527-885-2423
96,Isabeau,Liccardi,iliccardi2n@dion.ne.jp,Female,Tanzania,Kisasa,84789 Iowa Parkway,971-764-5197
97,Alasteir,Melloy,amelloy2o@boston.com,Male,Sweden,Piteå,33326 Bobwhite Point,775-819-7213
98,Brit,Tankard,btankard2p@shareasale.com,Female,South Africa,Bloemhof,4558 Union Terrace,322-703-3119
99,Valentin,Tobin,vtobin2q@stanford.edu,Male,China,Guang’an,64139 Bartelt Center,949-760-3443
100,Micheline,McLewd,mmclewd2r@blog.com,Female,Indonesia,Pantai Ceuremen,88 Nevada Hill,660-319-4993
101,Burnard,Galiero,bgaliero2s@sakura.ne.jp,Male,United States,Jacksonville,4 Morning Circle,904-774-5117
102,Stearne,Hartless,shartless2t@time.com,Male,Ukraine,Balta,3488 Brentwood Plaza,268-765-8100
103,Dannie,Soan,dsoan2u@t-online.de,Male,Tanzania,Makanya,5 Lakewood Gardens Trail,189-539-2265
104,Arne,Paramore,aparamore2v@nih.gov,Male,Philippines,Sindangan,37692 Blackbird Terrace,858-221-8577
105,Margeaux,Matthaus,mmatthaus2w@psu.edu,Female,China,Yuhang,729 Cody Trail,109-467-9320
106,Caitrin,McGorman,cmcgorman2x@foxnews.com,Female,Slovenia,Rakek,948 Mitchell Center,168-641-3844
107,Lukas,Van Saltsberg,lvansaltsberg2y@infoseek.co.jp,Male,China,Dongdai,7 Johnson Plaza,532-224-9158
108,Maddi,Petrello,mpetrello2z@dmoz.org,Female,China,Daxi,63644 Butternut Place,237-776-4832
109,Sullivan,Aberdalgy,saberdalgy30@aboutads.info,Male,Canada,Beaconsfield,0912 Sunfield Center,762-770-5493
110,Shay,Zini,szini31@quantcast.com,Female,France,Nanterre,7881 Cascade Circle,562-396-0762
111,Pattie,Ivanin,pivanin32@yahoo.co.jp,Male,China,Huangjindong,5 Muir Hill,623-560-1206
112,Mechelle,Ansty,mansty33@usatoday.com,Female,China,Gushui,3021 Fair Oaks Way,543-417-3936
113,Loni,Cotesford,lcotesford34@fastcompany.com,Female,France,Saint-Quentin-en-Yvelines,76 Gateway Alley,247-865-5668
114,Morris,Whilde,mwhilde35@gnu.org,Male,Guatemala,San Luis,1 Carpenter Alley,538-851-2388
115,Jed,Iredell,jiredell36@soup.io,Male,Indonesia,Bondokodi,7311 Larry Center,990-766-8979
116,Faith,Lowdwell,flowdwell37@si.edu,Female,Ethiopia,Shashemenē,5753 Esch Way,918-492-6128
117,Kevina,Van Schafflaer,kvanschafflaer38@usda.gov,Female,China,Changshan,6671 Kipling Way,166-189-2837
118,Guillaume,Learmouth,glearmouth39@princeton.edu,Male,Colombia,Segovia,097 Buhler Center,618-402-6998
119,Ainslie,Freyne,afreyne3a@biglobe.ne.jp,Female,Indonesia,Tenjolaya,6696 Reindahl Pass,982-138-0200
120,Niels,Ivanets,nivanets3b@cmu.edu,Male,China,Yujiao,92 Vermont Parkway,379-225-0590
121,Irvin,Beaze,ibeaze3c@google.es,Male,Brazil,Niquelândia,5978 8th Road,677-392-1693
122,Dorree,Umfrey,dumfrey3d@chicagotribune.com,Female,Uganda,Bududa,4581 Pepper Wood Court,614-846-7064
123,Tades,Phippard,tphippard3e@cargocollective.com,Male,Netherlands,Veldhoven,08 4th Drive,274-503-4543
124,Car,Milburn,cmilburn3f@msu.edu,Male,Russia,Ust’-Kachka,99877 Morning Place,133-330-2032
125,Ottilie,Cameli,ocameli3g@purevolume.com,Female,China,Huangnaihai,94161 Magdeline Park,761-589-7697
126,Claudianus,Moylan,cmoylan3h@globo.com,Male,Peru,Pomahuaca,07005 Kennedy Hill,252-147-7388
127,Bartholemy,Shannon,bshannon3i@yellowpages.com,Male,Brazil,Areia Branca,72 Kingsford Trail,841-201-2847
128,Tomkin,Girardet,tgirardet3j@usda.gov,Male,Czech Republic,Černilov,4674 Mccormick Terrace,516-124-7937
129,Alfreda,Schonfelder,aschonfelder3k@dmoz.org,Female,Saudi Arabia,Ad Dilam,853 Westridge Road,727-329-2246
130,Car,Hendrickson,chendrickson3l@mozilla.org,Male,Syria,Dārayyā,0051 Buell Place,953-528-4695
131,Georgie,Druitt,gdruitt3m@mayoclinic.com,Female,China,Liangcunchang,4 Bluejay Road,595-628-5217
132,Suzie,Trahar,strahar3n@loc.gov,Female,Ukraine,Mykolayiv,69 Glendale Terrace,373-851-3433
133,Carmine,Piggens,cpiggens3o@salon.com,Female,China,Xinglong,6 Eagle Crest Center,862-143-7490
134,Savina,Brolly,sbrolly3p@shareasale.com,Female,France,Paris 16,0 Briar Crest Junction,241-424-9692
135,Ashlie,Howlings,ahowlings3q@telegraph.co.uk,Female,Czech Republic,Krupka,70526 Eagan Way,904-966-2114
136,Penni,Dwire,pdwire3r@dropbox.com,Female,Poland,Stubno,805 Monterey Avenue,647-298-2034
137,Nicoline,Chappelow,nchappelow3s@yahoo.com,Female,Pakistan,Ladhewāla Warāich,643 Hansons Place,566-255-9364
138,Ruy,Davidzon,rdavidzon3t@ameblo.jp,Male,Sweden,Askersund,60851 Lindbergh Circle,899-818-2467
139,Ivie,Dawkes,idawkes3u@springer.com,Female,Peru,Jayune,343 Haas Place,400-409-4632
140,Orv,Gribbin,ogribbin3v@state.tx.us,Male,Russia,Primorka,981 Bobwhite Drive,666-292-1400
141,Carmella,Seebright,cseebright3w@whitehouse.gov,Female,Portugal,Cabra Figa,5 Eastlawn Lane,798-835-4723
142,Benji,Matijasevic,bmatijasevic3x@shop-pro.jp,Male,France,Coulommiers,81 David Court,541-248-7413
143,Misty,Dansie,mdansie3y@vkontakte.ru,Female,China,Lipu,6 Warner Drive,258-649-5482
144,Merrily,O'Downe,modowne3z@nbcnews.com,Female,Philippines,Roxas,178 Dexter Hill,452-819-6226
145,Romonda,Casin,rcasin40@technorati.com,Female,French Polynesia,Tohautu,401 Corscot Parkway,435-227-3641
146,Lionel,Gori,lgori41@bloglovin.com,Male,Portugal,Estrada,4 Manitowish Terrace,193-693-2970
147,Heloise,Hallahan,hhallahan42@microsoft.com,Female,Indonesia,Sindangpanji,1645 Mosinee Parkway,900-971-1061
148,Flossy,Sterling,fsterling43@msn.com,Female,Sweden,Jönköping,4199 East Drive,496-674-7163
149,Bryan,Hedgeley,bhedgeley44@sohu.com,Male,Armenia,Tsaghkadzor,473 Warbler Crossing,937-301-5419
150,Sydelle,O'Hanlon,sohanlon45@github.com,Female,Poland,Krynki,995 Veith Parkway,382-492-5536
151,Delmer,Blakey,dblakey46@who.int,Male,Indonesia,Tanakawu Dua,95 Johnson Drive,647-521-8919
152,Clemence,Kenwell,ckenwell47@flavors.me,Female,Malaysia,Nusajaya,1363 Larry Parkway,872-553-3930
153,Lindy,Tesdale,ltesdale48@histats.com,Male,France,Alençon,7106 Rowland Junction,669-851-1084
154,Jacques,Minghetti,jminghetti49@forbes.com,Male,South Korea,Changnyeong,9073 Portage Pass,582-361-3043
155,Keith,Eidelman,keidelman4a@opera.com,Male,Indonesia,Adil Makmur,4408 Derek Point,799-900-7979
156,Hinze,Atcheson,hatcheson4b@bbc.co.uk,Male,Norway,Steinkjer,833 Killdeer Lane,991-817-2430
157,Marianne,Jeness,mjeness4c@ed.gov,Female,Macedonia,Butel,9869 Weeping Birch Drive,852-266-4148
158,Constantine,Carrane,ccarrane4d@springer.com,Female,Germany,Dortmund,7275 Grasskamp Point,200-824-1707
159,Gerard,Durbin,gdurbin4e@nyu.edu,Male,China,Liangli,6747 Eagan Hill,387-283-3535
160,Janean,Gehrts,jgehrts4f@live.com,Female,Saudi Arabia,Şafwá,16 Crest Line Court,399-717-0908
161,Sheeree,Lettsom,slettsom4g@state.tx.us,Female,Burkina Faso,Ziniaré,69273 Karstens Terrace,579-664-3084
162,Walsh,Blankau,wblankau4h@cnet.com,Male,Philippines,Marintoc,59393 North Terrace,973-341-1942
163,Alphonse,Ullett,aullett4i@icio.us,Male,Brazil,Itatuba,726 Golf Course Avenue,491-115-2035
164,Ichabod,Millership,imillership4j@domainmarket.com,Male,Brazil,Braço do Norte,149 Nobel Circle,467-350-2034
165,Vicky,Kundert,vkundert4k@drupal.org,Female,Indonesia,Umbuldamar,185 Anniversary Place,841-460-2979
166,Roderich,Scrowby,rscrowby4l@dion.ne.jp,Male,Russia,Zakan-Yurt,416 Bluejay Point,450-218-7735
167,Adair,Lupton,alupton4m@nymag.com,Male,Malaysia,Kuching,3443 Clarendon Crossing,740-301-6893
168,Andrus,O'Gready,aogready4n@webeden.co.uk,Male,Egypt,Ash Shaykh Zuwayd,12 Barnett Park,476-826-1573
169,Filmore,Key,fkey4o@plala.or.jp,Male,Benin,Lokossa,40 Farwell Park,580-670-2145
170,Anya,Spiring,aspiring4p@indiegogo.com,Female,Estonia,Maardu,1 Hoepker Pass,997-991-2256
171,Bennie,Rubanenko,brubanenko4q@intel.com,Female,Mexico,Independencia,135 Sachs Circle,230-259-1974
172,Dean,Ganley,dganley4r@google.pl,Male,Netherlands,Wageningen,4 Roth Junction,245-928-9341
173,Viole,Tine,vtine4s@npr.org,Female,China,Gengqing,873 Mayer Pass,507-448-2579
174,Brade,Nolder,bnolder4t@mail.ru,Male,Japan,Jōetsu,2860 Lakewood Gardens Alley,721-384-3934
175,Gena,Donegan,gdonegan4u@virginia.edu,Female,Ukraine,Bilhorod-Dnistrovs’kyy,51935 Westerfield Circle,776-687-0787
176,Harald,Yerson,hyerson4v@people.com.cn,Male,Portugal,Monte da Boavista,8196 Declaration Street,428-777-6842
177,Noell,Darmody,ndarmody4w@loc.gov,Female,Madagascar,Antalaha,2 Anthes Center,187-189-0176
178,Elwyn,Assiratti,eassiratti4x@home.pl,Male,Brazil,Colinas,1 Northview Terrace,130-596-7974
179,Cynthy,Elsom,celsom4y@yolasite.com,Female,China,Bamiantong,92323 School Plaza,189-500-6572
180,Danna,Macauley,dmacauley4z@ucla.edu,Female,Philippines,Balabagan,3419 Chive Pass,484-111-9081
181,Raul,Sawden,rsawden50@seesaa.net,Male,Brazil,São Roque,76042 Fulton Terrace,576-477-6167
182,Tannie,Mundy,tmundy51@tmall.com,Male,China,Yushang,79155 Mcbride Lane,293-262-3995
183,Bab,Fishbourne,bfishbourne52@github.com,Female,Philippines,Tambac,27147 Dottie Alley,584-783-2607
184,Tammie,Sinkin,tsinkin53@google.ca,Female,South Africa,Wolmaransstad,7542 Dorton Pass,589-104-8167
185,Myrtle,Zanelli,mzanelli54@patch.com,Female,Colombia,Córdoba,75 5th Alley,189-820-6708
186,Noam,Abbe,nabbe55@bloglovin.com,Male,Indonesia,Sukawening,865 Talmadge Parkway,839-344-9724
187,Guss,Poat,gpoat56@pen.io,Male,Japan,Ise,3 Sutteridge Crossing,556-745-9544
188,Julius,Monaghan,jmonaghan57@ebay.co.uk,Male,Kuwait,Salwá,6746 Norway Maple Lane,130-565-8319
189,Danell,Baggs,dbaggs58@yale.edu,Female,Indonesia,Cigemlong,14 Vidon Court,389-875-3441
190,Virge,Jerrom,vjerrom59@studiopress.com,Male,China,Chayuan,7 Dexter Center,369-450-4300
191,Douglas,Trevear,dtrevear5a@bbb.org,Male,Czech Republic,Šardice,5020 Arkansas Alley,638-968-5362
192,Adamo,Mullinder,amullinder5b@google.fr,Male,Poland,Haczów,5365 Hazelcrest Lane,777-694-2380
193,Haze,Sivill,hsivill5c@hexun.com,Male,Philippines,San Luis,044 Jana Plaza,124-609-2316
194,Ali,Aldred,aaldred5d@quantcast.com,Female,Portugal,Samouco,9 Pleasure Lane,176-779-0467
195,Gardner,Ferryn,gferryn5e@bloglines.com,Male,Portugal,Alcoutim,775 Springview Road,931-944-4618
196,Abran,Tollow,atollow5f@wp.com,Male,Palestinian Territory,Bīr Zayt,04 Donald Hill,253-294-6443
197,Audy,Bogges,abogges5g@uiuc.edu,Female,Indonesia,Sarkanjut,2000 Fordem Court,349-567-0915
198,Lavinie,Yurevich,lyurevich5h@godaddy.com,Female,China,Douba,21 Lunder Terrace,356-452-1172
199,Oren,De la Feld,odelafeld5i@stanford.edu,Male,China,Xiaocun,3 Colorado Plaza,281-407-6138
200,Pietrek,Andryunin,pandryunin5j@ow.ly,Male,Canada,Cowansville,45 Ronald Regan Junction,645-615-6190
201,Phil,Comelini,pcomelini5k@jimdo.com,Male,Indonesia,Sifala,474 International Junction,361-796-2468
202,Jerry,Valero,jvalero5l@t.co,Female,Philippines,Alubijid,16405 Marcy Point,758-492-9205
203,Andreas,Berrygun,aberrygun5m@goodreads.com,Male,China,Shiwan,333 Farmco Alley,361-949-5143
204,Marcellus,Mougenel,mmougenel5n@arizona.edu,Male,Ukraine,Krasne,5 Union Point,886-743-1296
205,Mickey,Boulter,mboulter5o@usa.gov,Male,Ukraine,Petrikov,8 Myrtle Point,276-133-2860
206,Noble,Vashchenko,nvashchenko5p@wisc.edu,Male,China,Daciyao,3 Hallows Terrace,287-811-6950
207,Hynda,Arrigucci,harrigucci5q@reuters.com,Female,Poland,Kutno,903 Steensland Pass,873-358-9555
208,Kirk,Shearme,kshearme5r@nyu.edu,Male,Indonesia,Wangunsari,8 Brickson Park Point,956-742-5430
209,Chalmers,Gowans,cgowans5s@dailymotion.com,Male,Myanmar,Hakha,94 Sunbrook Drive,692-110-7744
210,Birgitta,Nieass,bnieass5t@ehow.com,Female,Sweden,Göteborg,55237 Lighthouse Bay Hill,492-784-0504
211,Dalila,De Giorgis,ddegiorgis5u@miitbeian.gov.cn,Female,Zimbabwe,Nyanga,40 Shopko Court,400-830-0230
212,Harmon,Donovin,hdonovin5v@yale.edu,Male,China,Changzhi,28497 Forest Dale Crossing,283-974-4275
213,Allister,Mc Meekan,amcmeekan5w@weather.com,Male,Czech Republic,Pustá Polom,890 Vera Trail,137-315-1124
214,Dorotea,Ivankov,divankov5x@wikia.com,Female,South Korea,Kimje,67761 High Crossing Center,445-947-5462
215,Ladonna,Bozward,lbozward5y@jugem.jp,Female,China,Xuancheng,5 Cottonwood Parkway,553-938-9469
216,Faun,Jouhan,fjouhan5z@cbsnews.com,Female,Greenland,Paamiut,13901 Everett Court,715-378-9226
217,Gerrie,Harrow,gharrow60@wikia.com,Male,Costa Rica,Curridabat,137 Daystar Park,445-637-1381
218,Delmer,Laurenson,dlaurenson61@addthis.com,Male,Ireland,Ballinteer,35 Bluejay Lane,454-216-7600
219,Honor,Hasell,hhasell62@irs.gov,Female,Brazil,Governador Valadares,2445 Daystar Court,724-155-5077
220,Dene,Blomfield,dblomfield63@craigslist.org,Male,Brazil,Ribeirão Preto,94195 Arapahoe Terrace,138-973-7436
221,Alejandra,Such,asuch64@imgur.com,Female,Norway,Oslo,3 Ridgeview Point,620-298-1363
222,Bernie,Gever,bgever65@ustream.tv,Female,Mongolia,Naran-mandokhu Somon,44475 Vahlen Junction,482-651-4198
223,Casie,Drewitt,cdrewitt66@bloomberg.com,Female,Colombia,Ubaté,1 Manufacturers Avenue,621-287-2819
224,Tansy,Anster,tanster67@deliciousdays.com,Female,Macedonia,Марино,82397 Emmet Plaza,938-297-6727
225,Leslie,Selby,lselby68@facebook.com,Male,China,Zhoukou,94093 Sloan Junction,588-727-0726
226,Basilius,Pickover,bpickover69@networksolutions.com,Male,Portugal,Reriz,97 International Way,609-799-6674
227,Blanch,Moorrud,bmoorrud6a@ibm.com,Female,Israel,Dimona,61 Luster Plaza,564-588-3327
228,Penelopa,Laidler,plaidler6b@ftc.gov,Female,France,Villeneuve-d'Ascq,53 Ohio Road,725-193-3873
229,Teddie,Lecky,tlecky6c@xing.com,Female,Senegal,Sémé,699 Forster Terrace,239-938-3569
230,Erich,Poolton,epoolton6d@multiply.com,Male,Indonesia,Panggungsari,65721 Merrick Center,175-907-8767
231,Juliane,Andren,jandren6e@utexas.edu,Female,Poland,Maszkienice,49 Nova Terrace,971-599-2327
232,Cherin,Cruise,ccruise6f@tripod.com,Female,Japan,Hondo,093 Meadow Vale Center,139-803-3477
233,Sheppard,Mein,smein6g@springer.com,Male,France,Alfortville,82 Mandrake Park,812-637-8539
234,Farah,Debney,fdebney6h@earthlink.net,Female,Indonesia,Rukem,6 Sunnyside Pass,426-255-8397
235,Loy,Checcuzzi,lcheccuzzi6i@ca.gov,Male,Canada,Fort Smith,0501 Truax Parkway,421-722-0179
236,Tedda,Flucks,tflucks6j@weibo.com,Female,Uganda,Masindi Port,0763 Melrose Alley,325-118-5299
237,Abagail,Pigden,apigden6k@cbc.ca,Female,China,Nancheng,005 Barnett Center,361-567-1340
238,Aleta,Masser,amasser6l@godaddy.com,Female,China,Xi’an,114 Kingsford Way,802-794-9170
239,Bryana,Cowup,bcowup6m@hud.gov,Female,China,Waxi,7 Crest Line Plaza,147-317-0841
240,Mathilda,O'Sheilds,mosheilds6n@networksolutions.com,Female,Indonesia,Baroh,16811 Vera Park,894-344-2930
241,Alleen,Wordsley,awordsley6o@wordpress.com,Female,Thailand,Wat Sing,81623 1st Court,441-975-8714
242,Skye,Kubecka,skubecka6p@liveinternet.ru,Male,China,Zengfu,61655 Tennessee Avenue,153-416-9176
243,Rebecka,Skedgell,rskedgell6q@webeden.co.uk,Female,Indonesia,Rowotengah,604 Twin Pines Point,632-973-2841
244,Delila,Normanville,dnormanville6r@opensource.org,Female,Ethiopia,Sirre,7031 Corry Hill,943-917-5033
245,Claudina,Sigward,csigward6s@theatlantic.com,Female,Poland,Zabłocie,483 Brentwood Point,787-642-8881
246,Bail,Yakunkin,byakunkin6t@weather.com,Male,Portugal,Seixas,22695 Milwaukee Point,356-547-2579
247,Alexis,Kline,akline6u@marriott.com,Male,United States,Melbourne,4 Marcy Trail,321-876-6085
248,Vinni,Evreux,vevreux6v@google.it,Female,Indonesia,Jepuro,0408 Victoria Court,115-101-1533
249,Dalton,Monck,dmonck6w@yellowbook.com,Male,China,Jincun,1181 4th Point,527-377-7099
250,Harbert,Leaburn,hleaburn6x@unblog.fr,Male,China,Qiangtou,7 Alpine Avenue,131-796-0870
251,Stan,Zanelli,szanelli6y@mayoclinic.com,Male,Indonesia,Banjar Dauhpura,7754 Melvin Pass,520-279-5945
252,Vladamir,Buller,vbuller6z@theglobeandmail.com,Male,Russia,Krasnaya Polyana,7316 Independence Way,124-930-3794
253,Bernardine,Davie,bdavie70@usa.gov,Female,Ethiopia,Dembī Dolo,12234 Mifflin Center,314-676-8834
254,Adolphe,Orteaux,aorteaux71@nydailynews.com,Male,Russia,Shumikhinskiy,3498 Lerdahl Junction,684-903-9365
255,Felizio,Croci,fcroci72@blogs.com,Male,Bolivia,Samaipata,887 Green Ridge Road,605-465-2886
256,Skipp,Wavish,swavish73@webs.com,Male,Australia,Sydney,417 Jenna Point,488-369-6095
257,Haskell,Corradengo,hcorradengo74@mysql.com,Male,Jordan,Al Jīzah,4 International Trail,996-762-5207
258,Hall,Adnet,hadnet75@a8.net,Male,North Korea,Hyesan-si,83834 Marquette Crossing,449-280-1174
259,Jeri,Way,jway76@dot.gov,Female,Brazil,Ortigueira,78 Vidon Way,310-966-3531
260,Elliott,Marquand,emarquand77@de.vu,Male,Ethiopia,Tippi,42077 Mayfield Center,210-210-4552
261,Kristo,Marquess,kmarquess78@ask.com,Male,Philippines,Tabiauan,91 Prentice Trail,177-696-6587
262,Karney,Ankers,kankers79@census.gov,Male,Indonesia,Kebonsari,37 Jenna Parkway,199-179-8091
263,Peterus,Maslen,pmaslen7a@oracle.com,Male,Greece,Yiánnouli,3577 Weeping Birch Point,609-246-2607
264,Viv,Seden,vseden7b@ameblo.jp,Female,Greece,Kavála,6 Daystar Crossing,936-994-5292
265,Shadow,Adlam,sadlam7c@yandex.ru,Male,Peru,Tamarindo,3220 Jay Street,266-788-9103
266,Consuelo,Clampe,cclampe7d@imageshack.us,Female,French Polynesia,Faaa,4435 Miller Park,188-466-7772
267,Murray,Pichan,mpichan7e@shinystat.com,Male,Indonesia,Barusuda,870 Grover Junction,628-922-7099
268,Garold,Bussetti,gbussetti7f@themeforest.net,Male,France,Nanterre,058 Thierer Court,930-392-6339
269,Roley,Le Brom,rlebrom7g@msu.edu,Male,Greece,Saronída,067 Garrison Place,771-806-2665
270,Cherie,Moggie,cmoggie7h@blogspot.com,Female,Netherlands,Hoorn,343 Columbus Street,885-700-1278
271,Jacky,Siely,jsiely7i@unesco.org,Male,Indonesia,Penanggungan,35417 Green Ridge Hill,901-873-7918
272,Alfonso,Digby,adigby7j@addtoany.com,Male,China,Huitang,4538 Butterfield Park,987-446-1623
273,Georg,Marde,gmarde7k@timesonline.co.uk,Male,Indonesia,Kubangkondanglapangan,38 Pine View Plaza,615-786-6046
274,Wendell,Hunnicutt,whunnicutt7l@amazon.co.jp,Male,Indonesia,Nusaherang,61 Katie Pass,397-228-7959
275,Alvinia,Danick,adanick7m@unblog.fr,Female,Indonesia,Sudimoro,7 Cottonwood Place,391-292-7197
276,Hedvig,Mabbot,hmabbot7n@tamu.edu,Female,Sweden,Huddinge,30 Pierstorff Drive,663-696-9522
277,Valery,Sturges,vsturges7o@chron.com,Female,Ecuador,Pedro Carbo,04 Carpenter Avenue,401-672-9558
278,Siobhan,Rochell,srochell7p@google.de,Female,Kazakhstan,Būlaevo,1903 Butterfield Way,210-766-6791
279,Rutter,Friman,rfriman7q@vkontakte.ru,Male,Serbia,Varna,704 Autumn Leaf Pass,143-358-2172
280,Gusella,Larrat,glarrat7r@vimeo.com,Female,Bulgaria,Brusartsi,08876 Ryan Road,460-731-5759
281,Faustina,Hoodlass,fhoodlass7s@moonfruit.com,Female,Philippines,San Carlos,0 High Crossing Point,860-768-8559
282,Clovis,Morson,cmorson7t@printfriendly.com,Female,China,Laojiangjunjie,05 Gina Lane,534-310-9627
283,Hoyt,Waberer,hwaberer7u@blogtalkradio.com,Male,Honduras,El Agua Dulcita,4105 Pleasure Terrace,167-888-1363
284,Ann,Peasgood,apeasgood7v@uiuc.edu,Female,China,Yulin,157 Red Cloud Street,503-891-4209
285,Lucas,Dunbleton,ldunbleton7w@delicious.com,Male,United States,Raleigh,7 Erie Circle,919-605-5109
286,Evangelina,Cuthill,ecuthill7x@usnews.com,Female,Philippines,Lucban,03228 Hayes Park,919-259-7009
287,Eudora,Youll,eyoull7y@goodreads.com,Female,Philippines,Parion,2 Reindahl Point,628-752-3749
288,Den,Parry,dparry7z@fc2.com,Male,Indonesia,Batuna Satu,3604 Hooker Street,270-873-1679
289,Perri,Dyer,pdyer80@purevolume.com,Female,Nicaragua,Jinotega,0484 Tony Road,996-671-6129
290,Felix,Petrik,fpetrik81@google.co.jp,Male,United States,Roanoke,8 Lindbergh Plaza,540-645-2242
291,Arlen,Perulli,aperulli82@blogspot.com,Female,Peru,Sangallaya,94866 Autumn Leaf Alley,509-828-6938
292,Mauricio,Skettles,mskettles83@jimdo.com,Male,China,Doumen,1 Gateway Plaza,867-118-8081
293,Bernadine,Bachnic,bbachnic84@devhub.com,Female,Indonesia,Bandaragung,88 Green Point,919-557-8735
294,Cammie,Nutley,cnutley85@psu.edu,Female,Indonesia,Gandusari,99 Anderson Hill,790-487-1670
295,Livia,Weedon,lweedon86@about.me,Female,China,Shangsha,7 Fairview Center,256-198-5130
296,Henry,Fawdrie,hfawdrie87@slashdot.org,Male,Colombia,Samacá,0470 Claremont Drive,218-814-7609
297,Anabella,Karpe,akarpe88@thetimes.co.uk,Female,Honduras,Travesía,44800 Bellgrove Point,589-962-0391
298,Farley,Neilson,fneilson89@yale.edu,Male,Brazil,Mata Grande,8595 Veith Park,302-260-0691
299,Cindee,Rodder,crodder8a@nih.gov,Female,China,Lianhe,3210 Charing Cross Hill,753-247-4615
300,Ulrich,Bawden,ubawden8b@tinypic.com,Male,Azerbaijan,Barda,77 Leroy Pass,518-254-6112
301,Olive,Richardson,orichardson8c@amazon.co.jp,Female,Russia,Kuanda,00 Schurz Drive,525-303-2578
302,Loydie,Shropsheir,lshropsheir8d@dot.gov,Male,Sweden,Norrköping,4764 Annamark Way,651-270-7799
303,Gauthier,Pitrasso,gpitrasso8e@mlb.com,Male,France,Annecy,5 Westport Street,800-977-2097
304,Elspeth,Barhims,ebarhims8f@cbsnews.com,Female,Argentina,Capitán Sarmiento,1 Beilfuss Pass,436-383-1812
305,Selinda,Deboy,sdeboy8g@flavors.me,Female,China,Tianzhen,43754 Trailsway Lane,364-135-2675
306,Kristofor,Dummer,kdummer8h@last.fm,Male,Uzbekistan,Tirmiz,2 Lake View Terrace,776-431-7434
307,Amara,Briscow,abriscow8i@cornell.edu,Female,China,Yinhedahan’er,512 Monica Terrace,698-342-1236
308,Jakob,Jostan,jjostan8j@rambler.ru,Male,Philippines,San Jose,14910 Upham Street,579-431-0313
309,Ekaterina,Gedling,egedling8k@patch.com,Female,South Korea,Changnyeong,97 Ilene Plaza,643-705-8714
310,Nowell,Elby,nelby8l@slate.com,Male,Belarus,Nasilava,73 Kinsman Trail,198-401-5136
311,Broddie,Gorgler,bgorgler8m@addthis.com,Male,China,Huaqiao,05 Mifflin Crossing,674-982-1842
312,Hamnet,Larchiere,hlarchiere8n@dmoz.org,Male,China,Xingang,5386 Kim Avenue,124-250-0074
313,Christian,Borrie,cborrie8o@hugedomains.com,Female,Norway,Oslo,222 Golf View Terrace,560-342-9675
314,Salomi,Caps,scaps8p@live.com,Female,China,Bulianhe,24609 Laurel Terrace,104-116-6647
315,Sonnie,Scapens,sscapens8q@theglobeandmail.com,Male,Poland,Suchy Las,9417 Lakeland Way,983-562-9964
316,Cynthea,Schrir,cschrir8r@who.int,Female,Turkey,Yeşilköy,990 Barby Way,237-213-9929
317,Dunc,Pickford,dpickford8s@ebay.co.uk,Male,Syria,Akhtarīn,44587 Arizona Place,456-856-8082
318,Ode,Conaghy,oconaghy8t@gov.uk,Male,Portugal,Monte,8 Huxley Center,319-756-7720
319,Melitta,McKeighan,mmckeighan8u@nymag.com,Female,Vietnam,Đắk Mâm,762 Corry Drive,874-482-3891
320,Mischa,Odlin,modlin8v@vimeo.com,Male,Russia,Ulety,8065 Doe Crossing Circle,665-675-1161
321,Jemmie,Dearnaley,jdearnaley8w@newyorker.com,Female,Palau,Koror Town,5588 Grasskamp Avenue,607-754-6479
322,Emilia,Caress,ecaress8x@w3.org,Female,Colombia,Morales,1 Bluejay Crossing,561-111-5060
323,Jaquenette,Markey,jmarkey8y@cbc.ca,Female,Afghanistan,Pul-e Sangī,02 Surrey Lane,453-180-7947
324,Alexandros,Parks,aparks8z@gov.uk,Male,Russia,Novorossiysk,937 Victoria Point,685-510-7229
325,Barret,Pollington,bpollington90@diigo.com,Male,Bangladesh,Farīdpur,1175 Montana Place,349-244-9820
326,Katheryn,Spittal,kspittal91@un.org,Female,Serbia,Čortanovci,405 Doe Crossing Trail,898-785-3192
327,Ina,Brand-Hardy,ibrandhardy92@ft.com,Female,Liberia,Harper,15057 Cardinal Park,459-449-8109
328,Cully,Bruno,cbruno93@deliciousdays.com,Male,Pakistan,Pindi Gheb,8198 Fulton Alley,992-886-9427
329,Godart,Laetham,glaetham94@webmd.com,Male,Ukraine,Obroshyne,54421 David Road,784-563-5072
330,Curtice,Bland,cbland95@cocolog-nifty.com,Male,Indonesia,Bacem,3 Forest Dale Alley,368-891-7477
331,Lynn,Fruser,lfruser96@pagesperso-orange.fr,Female,Poland,Lubomierz,643 Gale Place,484-141-6765
332,Haslett,Cheshir,hcheshir97@microsoft.com,Male,Brazil,Ibaiti,7 Granby Lane,694-451-3665
333,Talia,Peller,tpeller98@furl.net,Female,Sweden,Nacka,296 Forster Avenue,772-993-7932
334,Bonnee,Woodrup,bwoodrup99@gov.uk,Female,France,Saint-Étienne,686 Delaware Court,315-448-0591
335,Adriano,Maleney,amaleney9a@nasa.gov,Male,Indonesia,Banjar Dharmasemedi,3 Victoria Street,563-567-5348
336,Vincenty,Yurenin,vyurenin9b@macromedia.com,Male,Nicaragua,Rama,04561 Sloan Junction,165-189-8717
337,Reginald,Neely,rneely9c@yellowbook.com,Male,China,Qintang,79524 Scoville Road,729-210-8432
338,Alexina,Kemster,akemster9d@diigo.com,Female,China,Xiaomei,867 Burrows Trail,362-872-4297
339,Claudine,Kyttor,ckyttor9e@pcworld.com,Female,Philippines,La Paz,6 Thompson Lane,865-975-6222
340,Cassandry,Kyrkeman,ckyrkeman9f@usa.gov,Female,United States,Atlanta,017 Monterey Circle,770-744-0130
341,Cesya,Cain,ccain9g@cbsnews.com,Female,Sweden,Mora,9 Hudson Trail,254-587-1007
342,Simon,Rousel,srousel9h@bloglines.com,Male,France,Saint-Quentin-en-Yvelines,40 Mockingbird Road,300-294-9384
343,Cammy,Dwyer,cdwyer9i@vk.com,Male,Slovenia,Ormož,682 Shasta Alley,490-306-1515
344,Pasquale,Aprahamian,paprahamian9j@meetup.com,Male,Indonesia,Weetobula,6 Lake View Park,287-450-6923
345,Vanni,Baal,vbaal9k@discovery.com,Female,China,Shangfang,0 Delaware Point,139-891-5256
346,Tiffi,Yarwood,tyarwood9l@jigsy.com,Female,United Kingdom,Ashley,53 Linden Way,419-949-0336
347,Skelly,Fandrich,sfandrich9m@weibo.com,Male,Russia,Raychikhinsk,895 Browning Road,169-811-0837
348,Giles,Checchi,gchecchi9n@posterous.com,Male,France,Vallauris,0340 Linden Plaza,149-338-5308
349,Sergent,Edmonds,sedmonds9o@furl.net,Male,Israel,Kafr Miṣr,6 Old Gate Plaza,773-605-2747
350,Farlie,Kubat,fkubat9p@mit.edu,Male,Ireland,Ballisodare,5 Rusk Plaza,895-125-3767
351,Chantalle,Brockie,cbrockie9q@google.co.uk,Female,China,Huocheng,2587 Reindahl Plaza,849-196-0364
352,Daloris,Bodleigh,dbodleigh9r@live.com,Female,Ireland,Clonskeagh,0 Moulton Avenue,606-829-8853
353,Steven,Blunn,sblunn9s@jiathis.com,Male,Philippines,Bailan,90 Norway Maple Drive,719-445-5712
354,Dasi,Lochead,dlochead9t@jugem.jp,Female,China,Shilin,53 Blackbird Street,111-274-0635
355,Aldis,Espley,aespley9u@alibaba.com,Male,Belarus,Vawkavysk,4 Bayside Point,885-266-1519
356,Federico,Sayburn,fsayburn9v@joomla.org,Male,Portugal,Figueiró dos Vinhos,43234 Helena Hill,427-599-1388
357,Gussy,Shickle,gshickle9w@abc.net.au,Female,Poland,Wodzierady,916 Eagle Crest Circle,547-485-1384
358,Katine,Hartop,khartop9x@thetimes.co.uk,Female,Turkey,Yeniköy,8526 Sutherland Plaza,663-917-4209
359,Lee,Harmond,lharmond9y@wired.com,Male,Indonesia,Cihaur,1152 Union Plaza,959-769-0369
360,Mimi,Clampe,mclampe9z@dailymotion.com,Female,China,Hulei,3283 Pearson Park,943-150-1430
361,Hillard,Deverille,hdeverillea0@sphinn.com,Male,France,Strasbourg,9590 International Center,492-220-2209
362,Huntley,Barnet,hbarneta1@printfriendly.com,Male,Japan,Fukiage-fujimi,39073 Trailsway Point,731-273-0191
363,Sidnee,Dixcey,sdixceya2@etsy.com,Male,Philippines,Dado,60270 Butterfield Court,895-209-8855
364,Malachi,Skidmore,mskidmorea3@reverbnation.com,Male,Croatia,Postira,50 Loeprich Junction,578-804-4014
365,Wilhelm,Wyllt,wwyllta4@rakuten.co.jp,Male,Zambia,Lukulu,59 Jenifer Parkway,972-335-5196
366,Marylou,Orneblow,morneblowa5@de.vu,Female,Sweden,Mariestad,64048 Mayfield Point,762-488-2423
367,Melvyn,Mityukov,mmityukova6@tuttocitta.it,Male,United States,Grand Forks,78630 Elmside Pass,701-771-2483
368,Fabe,Pietrzak,fpietrzaka7@about.com,Male,Vietnam,Phú Khương,55080 Gateway Road,655-980-9952
369,Paquito,Manis,pmanisa8@bigcartel.com,Male,Russia,Medvedok,9435 Fallview Way,251-279-7718
370,Kimmi,Wrathall,kwrathalla9@buzzfeed.com,Female,Vietnam,Thành Phố Hà Giang,621 Chinook Terrace,834-974-2994
371,Allix,Stopford,astopfordaa@vinaora.com,Female,Finland,Äänekoski,0 Northfield Avenue,286-967-7747
372,Lanni,Letty,llettyab@dot.gov,Female,Brazil,Indaiatuba,8848 Oakridge Alley,848-675-4646
373,Sunshine,Daviddi,sdaviddiac@hugedomains.com,Female,Russia,Tsotsin-Yurt,4 Rowland Point,400-566-6168
374,Gerome,Alti,galtiad@umich.edu,Male,China,Pinggang,33691 Steensland Street,387-645-0584
375,Erv,Tolland,etollandae@squidoo.com,Male,Angola,Cabinda,5 Morningstar Road,787-838-3346
376,Almira,Altree,aaltreeaf@uiuc.edu,Female,Sweden,Mönsterås,4 Jackson Alley,903-992-8312
377,Travers,Brando,tbrandoag@economist.com,Male,Poland,Wola Rębkowska,3 Hoard Plaza,987-868-3023
378,Dodi,Sutherley,dsutherleyah@zdnet.com,Female,Nigeria,Omoku,9878 Bartillon Hill,440-239-0276
379,Ninette,Deavin,ndeavinai@rambler.ru,Female,Poland,Żurowa,0 Anderson Alley,328-184-2532
380,Cesya,Robke,crobkeaj@geocities.com,Female,Madagascar,Marovoay,81269 North Alley,958-985-7713
381,Sheelah,Castanyer,scastanyerak@columbia.edu,Female,Portugal,Abelheira,06 Cascade Terrace,670-916-2612
382,Enrika,Martynov,emartynoval@paginegialle.it,Female,Malta,Żabbar,440 Tennessee Hill,589-732-8083
383,Maurie,Pibworth,mpibwortham@home.pl,Male,Greece,Ágio Pnévma,62 6th Crossing,602-278-2692
384,Jamima,Ockleshaw,jockleshawan@columbia.edu,Female,Czech Republic,Fulnek,8 Glacier Hill Circle,811-556-4977
385,Keslie,Elham,kelhamao@salon.com,Female,Sweden,Nyköping,86 Glendale Parkway,196-892-9129
386,Wilmette,Forth,wforthap@blogs.com,Female,Panama,Los Algarrobos,237 Browning Junction,331-400-4385
387,Doy,Arno,darnoaq@ask.com,Male,Netherlands,Zevenaar,758 Sachtjen Trail,478-199-5459
388,Gonzalo,Hayhurst,ghayhurstar@illinois.edu,Male,Indonesia,Cibatu,508 Forest Run Center,328-729-9697
389,Etti,Millier,emillieras@hostgator.com,Female,Indonesia,Pasirpanjang,7 Darwin Point,356-458-6371
390,Rahal,Hardesty,rhardestyat@facebook.com,Female,Sweden,Hägersten,23 Springs Road,171-778-3184
391,Shanie,Guerry,sguerryau@webeden.co.uk,Female,China,Yuhang,1 Vahlen Alley,458-491-0502
392,Rolph,Fulle,rfulleav@hc360.com,Male,France,Paris 11,2038 Ronald Regan Avenue,813-645-3688
393,Odele,Dyton,odytonaw@geocities.com,Female,China,Rinang,912 Dunning Junction,264-674-0998
394,Clair,Cowburn,ccowburnax@tinypic.com,Male,Netherlands,Tilburg,9371 Brown Circle,560-307-4905
395,Christiana,Von Der Empten,cvonderemptenay@nih.gov,Female,Panama,Tubualá,71842 Victoria Circle,922-885-1231
396,Gianna,Booton,gbootonaz@gravatar.com,Female,Puerto Rico,Guaynabo,11 Farmco Plaza,457-774-2628
397,Friedrick,Surmeyer,fsurmeyerb0@odnoklassniki.ru,Male,Armenia,Shnogh,79177 Crest Line Hill,455-426-3984
398,Griffie,Hellyer,ghellyerb1@scribd.com,Male,China,Linjiang,17 Stang Avenue,819-710-3288
399,Cristen,Lanon,clanonb2@blogspot.com,Female,Russia,Volgograd,216 Hermina Road,611-246-6597
400,Den,Somerton,dsomertonb3@engadget.com,Male,Mongolia,Nart,9664 Lindbergh Park,345-423-6097
401,Wilburt,Scullard,wscullardb4@comsenz.com,Male,China,Honglong,668 Northport Alley,213-316-2626
402,Harlie,Siemens,hsiemensb5@ed.gov,Female,Kyrgyzstan,Chayek,03626 Hooker Trail,370-714-7042
403,Raymund,Rosenfarb,rrosenfarbb6@youku.com,Male,China,Haiyan,6438 David Parkway,629-824-9179
404,Fair,Wilton,fwiltonb7@uol.com.br,Male,Russia,Amurzet,84658 Little Fleur Circle,558-728-7001
405,Danella,Jenoure,djenoureb8@netlog.com,Female,Russia,Isyangulovo,84191 Roxbury Crossing,468-692-5074
406,Ammamaria,Braidwood,abraidwoodb9@digg.com,Female,China,Shuishiying,09326 Crownhardt Junction,529-461-1099
407,Micheal,Brumbie,mbrumbieba@clickbank.net,Male,Morocco,Zinat,784 Jay Lane,877-483-7168
408,Hollyanne,Spearman,hspearmanbb@samsung.com,Female,Venezuela,Altamira,53 Hazelcrest Crossing,615-668-2155
409,Ardyth,Fenne,afennebc@scientificamerican.com,Female,China,Huhe,12068 Towne Trail,355-692-9024
410,Artemis,Welband,awelbandbd@oaic.gov.au,Male,Nigeria,Oke Ila,7759 Hanson Lane,170-416-7023
411,Jenine,Baudy,jbaudybe@gmpg.org,Female,Peru,Quivilla,8331 Algoma Junction,626-443-9990
412,Beltran,Tobias,btobiasbf@nymag.com,Male,Indonesia,Panyarang,2343 West Avenue,143-694-1753
413,Gearalt,Harland,gharlandbg@alibaba.com,Male,France,Aubervilliers,6 Gateway Hill,556-652-1365
414,Selig,Heustace,sheustacebh@cbsnews.com,Male,Philippines,Lugui,5584 Moland Road,247-663-1651
415,Zacharias,Olle,zollebi@ehow.com,Male,Philippines,Vizal San Pablo,49 Carioca Pass,972-276-8501
416,Ezechiel,Pearn,epearnbj@networksolutions.com,Male,Indonesia,Katur,9 3rd Drive,161-304-4363
417,Ramsey,Antonikov,rantonikovbk@archive.org,Male,China,Yamen,1301 7th Terrace,107-225-3578
418,Dell,Marin,dmarinbl@house.gov,Male,Cuba,Báguanos,19595 Waubesa Street,584-796-5695
419,Latisha,Heaford,lheafordbm@domainmarket.com,Female,China,Madoi,16278 Graceland Junction,362-697-5412
420,Osborne,Davenell,odavenellbn@prweb.com,Male,Nigeria,Okpoga,30746 Kingsford Road,922-268-7069
421,Mareah,Fresson,mfressonbo@geocities.jp,Female,Yemen,Al Madān,16 Delladonna Circle,205-467-6355
422,Isahella,Dunniom,idunniombp@woothemes.com,Female,China,Gangkou,20 Independence Hill,703-979-7935
423,Roch,Bambury,rbamburybq@google.de,Female,Norway,Lillehammer,150 Norway Maple Avenue,513-582-9925
424,Alexine,Wield,awieldbr@ebay.com,Female,Slovenia,Metlika,011 Waywood Plaza,242-335-9980
425,Neill,Abramsky,nabramskybs@gov.uk,Male,Haiti,Port-à-Piment,8 Marquette Parkway,382-746-8021
426,Joshia,Le Marchant,jlemarchantbt@usgs.gov,Male,Philippines,Santa Cruz,4559 Talisman Plaza,180-833-9135
427,Bee,Smallbone,bsmallbonebu@shutterfly.com,Female,Bangladesh,Panchagarh,90 Bashford Place,431-186-7072
428,Ethelin,McTavish,emctavishbv@jiathis.com,Female,Bahrain,Al Muharraq,848 Logan Point,293-425-0528
429,Tina,Echalier,techalierbw@smugmug.com,Female,China,Xiema,8410 Dennis Place,640-890-8018
430,Carrissa,Budd,cbuddbx@house.gov,Female,Brazil,Caicó,6183 Division Plaza,286-515-4091
431,Paddy,Ranshaw,pranshawby@si.edu,Male,China,Huangdi,5 Maple Wood Court,558-965-9173
432,Odie,Birks,obirksbz@list-manage.com,Male,Norway,Oslo,3 Jenifer Point,986-450-3842
433,Sherri,Kingsworth,skingsworthc0@deliciousdays.com,Female,China,Jiahe,7590 Grover Way,845-237-2287
434,Nye,Kibbe,nkibbec1@adobe.com,Male,Indonesia,Puncakmanis,65513 Elgar Street,241-137-7684
435,Pippa,Meatyard,pmeatyardc2@cloudflare.com,Female,China,Xiaoshun,89 Annamark Drive,889-657-1469
436,Britta,Dungay,bdungayc3@seattletimes.com,Female,Portugal,Mirões,15859 Doe Crossing Lane,148-936-5734
437,Shawn,Andreolli,sandreollic4@cdbaby.com,Male,Indonesia,Kediri,6 Norway Maple Avenue,297-439-9443
438,Loleta,Medgewick,lmedgewickc5@paypal.com,Female,Japan,Moriya,68 Green Drive,285-937-5883
439,Shelton,Foot,sfootc6@netscape.com,Male,Portugal,Souto de Cima,3 Hoffman Road,968-358-8000
440,Rogers,O'Brien,robrienc7@virginia.edu,Male,Colombia,Campoalegre,21036 Upham Court,266-306-4176
441,Dudley,Behnen,dbehnenc8@odnoklassniki.ru,Male,France,Annecy,6107 Annamark Road,552-115-7338
442,Elden,Schirak,eschirakc9@angelfire.com,Male,Japan,Aisai,3 Moland Terrace,771-224-7985
443,Ignatius,Tolliday,itollidayca@dot.gov,Male,Indonesia,Golacir,391 Roth Place,661-109-3942
444,Locke,Mecco,lmeccocb@yolasite.com,Male,Philippines,San Nicolas,7744 Scoville Road,575-995-7749
445,Averill,Baudy,abaudycc@washingtonpost.com,Male,Egypt,Dishnā,35652 Village Green Park,502-617-6234
446,Sigmund,Sparwell,ssparwellcd@newsvine.com,Male,Canada,Melville,19 Monica Alley,488-285-6129
447,Jenifer,Breukelman,jbreukelmance@netscape.com,Female,Ireland,Midleton,6 Twin Pines Court,739-263-5048
448,Wendell,Terrington,wterringtoncf@soup.io,Male,Russia,Sevsk,75316 Quincy Trail,466-595-4875
449,Dal,Wrigglesworth,dwrigglesworthcg@cbslocal.com,Male,Czech Republic,Hudlice,4944 Portage Court,640-783-8799
450,Thia,Vasenin,tvaseninch@hugedomains.com,Female,China,Nanxiang,163 Ryan Pass,334-483-0430
451,Ethelind,Missenden,emissendenci@bbb.org,Female,Russia,Zlatoust,6 Hoepker Trail,761-132-5386
452,Dickie,Bouller,dboullercj@usatoday.com,Male,Russia,Budenovetc,79 Troy Street,268-224-1491
453,Sonnnie,Cammiemile,scammiemileck@ask.com,Female,China,Hongqi,96 Maywood Avenue,107-318-3301
454,Mara,Ungerecht,mungerechtcl@webmd.com,Female,Philippines,Santa Lucia,2493 Onsgard Pass,370-530-1366
455,Jaclin,Bordone,jbordonecm@prweb.com,Female,China,Jianxin,54 Fallview Road,973-532-9959
456,Ervin,Ghiron,eghironcn@virginia.edu,Male,Brazil,Ferraz de Vasconcelos,94307 Summit Road,868-148-6413
457,Roanne,Gabb,rgabbco@taobao.com,Female,Poland,Brdów,75 Declaration Drive,493-776-0270
458,Therine,Burrus,tburruscp@squarespace.com,Female,Yemen,Yarīm,5 Raven Center,393-247-2008
459,Felicity,Cogdon,fcogdoncq@amazon.co.uk,Female,China,Seke,3588 Logan Court,572-798-8427
460,Morris,Schleicher,mschleichercr@paginegialle.it,Male,China,Jindong,25255 Stone Corner Street,289-326-1686
461,Elga,Waistell,ewaistellcs@nih.gov,Female,Indonesia,Werangere,20517 Sachtjen Road,624-990-1691
462,Alick,Shakspeare,ashakspearect@furl.net,Male,Poland,Tuplice,1325 Cody Circle,446-781-1060
463,Adolphe,Pizey,apizeycu@cocolog-nifty.com,Male,Russia,Nizhniy Lomov,5 Lyons Place,292-725-4047
464,Merrill,Stuart,mstuartcv@tmall.com,Female,China,Daiyue,92140 Granby Park,885-745-6879
465,Conroy,Brayfield,cbrayfieldcw@sogou.com,Male,Sweden,Gävle,14840 Butterfield Hill,972-385-8938
466,Arlan,Jeness,ajenesscx@icio.us,Male,Russia,Perepravnaya,06 Maple Park,965-548-4884
467,Gwen,Howood,ghowoodcy@about.me,Female,China,Tangwang,7756 Merry Trail,985-142-6805
468,Yank,Burds,yburdscz@irs.gov,Male,United States,Topeka,39 Messerschmidt Alley,785-823-9249
469,Darcy,Pelosi,dpelosid0@phoca.cz,Male,Czech Republic,Volary,287 Shopko Lane,518-801-1860
470,Nissa,Dumberrill,ndumberrilld1@addtoany.com,Female,Poland,Poręba Spytkowska,35 Portage Parkway,813-940-4848
471,Fransisco,Kirimaa,fkirimaad2@furl.net,Male,Sweden,Umeå,836 Susan Trail,727-973-6137
472,Putnem,Fawlks,pfawlksd3@symantec.com,Male,Namibia,Tsumeb,21 Vahlen Terrace,682-613-9099
473,Emmet,Twidell,etwidelld4@icio.us,Male,Indonesia,Cisewu,330 Gina Alley,437-600-2770
474,Park,Neissen,pneissend5@mashable.com,Male,Indonesia,Jembatandua,185 Magdeline Drive,648-591-0799
475,Hilary,Stolte,hstolted6@vimeo.com,Female,Indonesia,Tejakalapa,6484 Surrey Street,681-185-7016
476,Scott,Simkins,ssimkinsd7@jigsy.com,Male,Russia,Vostochnyy,907 Fairfield Park,384-344-8851
477,Major,Bebbington,mbebbingtond8@cdbaby.com,Male,Colombia,Soledad,8087 Green Circle,607-747-9444
478,Evvie,Markos,emarkosd9@is.gd,Female,China,Luoping,10822 Waywood Crossing,562-490-1798
479,Renaldo,Jerzak,rjerzakda@moonfruit.com,Male,Panama,Chame,6 Merry Way,580-723-4938
480,Pippo,McKue,pmckuedb@fastcompany.com,Male,Canada,Sainte-Agathe-des-Monts,1998 Manley Junction,961-197-5438
481,Heda,Skingley,hskingleydc@mlb.com,Female,Rwanda,Gikongoro,0316 Duke Pass,279-480-4408
482,Gusti,Charrette,gcharrettedd@va.gov,Female,China,Wufu,635 Banding Trail,666-720-7331
483,Leonelle,Marson,lmarsonde@g.co,Female,Indonesia,Depok,00 Vermont Center,551-328-3003
484,Cristin,Klees,ckleesdf@rakuten.co.jp,Female,Japan,Ikeda,814 Lake View Crossing,487-646-6413
485,Grazia,Pyrton,gpyrtondg@51.la,Female,Ukraine,Tsybulevka,7 Tennessee Terrace,857-963-7817
486,Christel,Stenners,cstennersdh@odnoklassniki.ru,Female,Russia,Prokhladnyy,69 Columbus Trail,131-730-1364
487,Gil,Lawful,glawfuldi@hc360.com,Male,China,Fulong,6720 Scoville Avenue,980-584-5419
488,Etan,Bolzmann,ebolzmanndj@privacy.gov.au,Male,China,Serh,10 Jana Point,691-661-4895
489,Dunn,Cheetam,dcheetamdk@hibu.com,Male,Indonesia,Krajan Jamprong,54400 Graceland Pass,990-842-2473
490,Pammi,Matyashev,pmatyashevdl@joomla.org,Female,Tunisia,Al ‘Āliyah,9 Texas Drive,447-188-3800
491,Leland,Brandon,lbrandondm@feedburner.com,Female,Indonesia,Kresek,7 Sugar Center,528-439-6923
492,Hunfredo,Menendez,hmenendezdn@google.com,Male,Brazil,Linhares,64926 Fairfield Court,625-175-9830
493,Tuckie,Herety,theretydo@examiner.com,Male,China,Jianshe,408 Fallview Crossing,330-980-0679
494,Valene,Mewha,vmewhadp@google.com.au,Female,China,Juegang,2 Novick Alley,852-833-3393
495,Harmonia,Harmon,hharmondq@hugedomains.com,Female,Philippines,San Lucas,2 Canary Crossing,288-768-0277
496,Arch,Michell,amichelldr@etsy.com,Male,France,Angers,83480 Starling Trail,222-476-7039
497,Robinet,Stebbings,rstebbingsds@youtu.be,Male,Ireland,Gorey,450 Manitowish Trail,122-198-9351
498,Ivette,Matthesius,imatthesiusdt@tiny.cc,Female,Russia,Kudymkar,11 Eliot Pass,610-176-7210
499,Charmaine,Sabates,csabatesdu@bigcartel.com,Female,Indonesia,Karangdawa Barat,52 Fulton Hill,117-145-4571
500,Gallard,Krystof,gkrystofdv@sogou.com,Male,China,Xiaoyangqi,628 Hanover Crossing,605-847-5241
501,Rollin,Riseley,rriseleydw@youtu.be,Male,China,Chunjing,59261 Goodland Terrace,858-304-4438
502,Edita,Jorio,ejoriodx@baidu.com,Female,China,Heihe,05857 Briar Crest Parkway,340-247-0578
503,Raychel,Lintin,rlintindy@geocities.com,Female,Philippines,Santa Cruz,49 Messerschmidt Crossing,800-788-4477
504,Hedda,Dovidian,hdovidiandz@wikispaces.com,Female,China,Tanglag,3 Iowa Pass,184-383-8654
505,Roselle,Kettlesing,rkettlesinge0@constantcontact.com,Female,Peru,Vilque Chico,400 Rigney Terrace,491-742-6883
506,Anson,Clutterham,aclutterhame1@house.gov,Male,Germany,Saarbrücken,5564 Gulseth Street,280-994-3948
507,Mariya,Pimmocke,mpimmockee2@liveinternet.ru,Female,Indonesia,Wolofeo,2350 Miller Plaza,811-751-6267
508,Ginnie,Keene,gkeenee3@harvard.edu,Female,Brazil,Tapes,50979 Gale Avenue,550-967-0273
509,Carleen,Wimms,cwimmse4@barnesandnoble.com,Female,China,Tiexi,5 Burrows Circle,739-608-6952
510,Sheffield,Elliman,sellimane5@techcrunch.com,Male,Canada,White City,703 Petterle Crossing,240-252-0882
511,Tann,Louth,tlouthe6@seattletimes.com,Male,Ireland,Dundrum,24149 Fremont Road,768-690-4604
512,Robinett,Stephens,rstephense7@cbsnews.com,Female,South Africa,Ermelo,6 Manley Plaza,459-209-4755
513,Kylie,Baynom,kbaynome8@people.com.cn,Female,Philippines,Sabtang,4 Hintze Court,685-658-0814
514,Kendall,MacKniely,kmacknielye9@apache.org,Male,Japan,Gobō,5 Iowa Plaza,503-233-1781
515,Enoch,Kingett,ekingettea@ucla.edu,Male,China,Huaqiao,40172 Pepper Wood Parkway,352-794-7269
516,Wendi,Writtle,wwrittleeb@craigslist.org,Female,China,Qinglong,474 Briar Crest Drive,480-943-5856
517,Cahra,Bowcock,cbowcockec@reuters.com,Female,Indonesia,Kendung Timur,18919 Monterey Alley,769-910-2022
518,Carma,Pennycock,cpennycocked@statcounter.com,Female,Indonesia,Banjar Kelodan,28523 Merchant Place,606-998-4303
519,Doe,Taill,dtaillee@craigslist.org,Female,Kazakhstan,Balyqshy,819 Elgar Place,787-447-2362
520,Arri,Inderwick,ainderwickef@adobe.com,Male,Lithuania,Virbalis,13068 Schurz Court,406-520-8118
521,Debra,Howle,dhowleeg@usa.gov,Female,Nicaragua,Jinotepe,6875 Hagan Road,461-690-3394
522,Krysta,Manby,kmanbyeh@latimes.com,Female,Thailand,Kantharalak,71850 Brickson Park Terrace,871-524-7608
523,Tatum,Baudry,tbaudryei@fema.gov,Female,Poland,Wielka Nieszawka,73633 Kennedy Drive,385-775-0437
524,Chicky,Gebhardt,cgebhardtej@opera.com,Male,Yemen,Al Mashāf,071 Blue Bill Park Way,274-550-5319
525,Nowell,Dunster,ndunsterek@prlog.org,Male,Honduras,Las Tejeras,672 Hollow Ridge Alley,127-470-5045
526,Angus,Kenealy,akenealyel@issuu.com,Male,Russia,Kireyevsk,1 Green Court,541-550-8727
527,Kimbell,Chesterman,kchestermanem@chicagotribune.com,Male,China,Yeliguan,40273 Beilfuss Lane,528-620-6542
528,Nancy,Bontein,nbonteinen@upenn.edu,Female,China,Xiakouyi,2 John Wall Park,211-272-8799
529,Kenon,Upson,kupsoneo@bing.com,Male,Canada,Lac La Biche,79 Talmadge Junction,309-623-7978
530,Erasmus,Poxton,epoxtonep@google.com,Male,China,Yangdi,826 Rowland Alley,210-920-8902
531,Pancho,Sheerin,psheerineq@google.com,Male,Portugal,Fojo,92 South Circle,193-381-5705
532,Gussie,Brognot,gbrognoter@umich.edu,Female,Ukraine,Spas’ke,705 Forster Plaza,123-247-9252
533,Federica,Seawright,fseawrightes@google.com,Female,Saudi Arabia,As Saffānīyah,4 Old Gate Plaza,879-133-2353
534,Ginelle,Kleinstein,gkleinsteinet@google.cn,Female,China,Changtan,58809 Hagan Hill,902-417-5696
535,Atlante,Ciciotti,aciciottieu@uol.com.br,Female,Portugal,Santa Maria do Souto,026 Monica Place,188-483-9998
536,Mendel,Gehricke,mgehrickeev@etsy.com,Male,Argentina,Tandil,3152 Commercial Parkway,848-732-2312
537,Milzie,Isaac,misaacew@webmd.com,Female,Russia,Temirgoyevskaya,35 Shoshone Trail,397-765-9391
538,Britt,Phippard,bphippardex@purevolume.com,Female,Russia,Nakhabino,012 Everett Lane,823-328-0822
539,Roshelle,Monshall,rmonshalley@icq.com,Female,United States,Dallas,73890 Little Fleur Way,214-614-1479
540,Marten,Vasenkov,mvasenkovez@histats.com,Male,Peru,Huacrapuquio,15 Mifflin Plaza,624-912-4244
541,Saundra,Grasser,sgrasserf0@usgs.gov,Female,Sweden,Sala,7 Pepper Wood Center,153-257-0382
542,Derrick,Alenshev,dalenshevf1@usgs.gov,Male,Philippines,Estancia,678 Holmberg Park,692-912-8459
543,Sonni,Guess,sguessf2@guardian.co.uk,Female,Czech Republic,Poříčí nad Sázavou,438 Little Fleur Court,822-950-0744
544,Lorraine,Alldred,lalldredf3@mozilla.com,Female,Sweden,Stockholm,4704 Dahle Plaza,707-157-0639
545,Harrison,Langfield,hlangfieldf4@360.cn,Male,Portugal,Santa Catarina,779 New Castle Terrace,222-568-5352
546,Florinda,Callaghan,fcallaghanf5@cornell.edu,Female,Greece,Melissochóri,48082 Dixon Circle,295-574-6534
547,Ardith,Roach,aroachf6@ed.gov,Female,Philippines,Sigma,4 Towne Lane,600-252-1422
548,Zabrina,Rustich,zrustichf7@ezinearticles.com,Female,Indonesia,Curug,48881 Redwing Plaza,428-624-5868
549,Darrelle,Hudspeth,dhudspethf8@usgs.gov,Female,Philippines,Kanluran,757 Hovde Place,740-342-7855
550,Mikaela,Evins,mevinsf9@amazon.de,Female,Philippines,Santa Lucia,59065 Orin Avenue,446-306-1429
551,Meridith,Lathom,mlathomfa@bloomberg.com,Female,Russia,Chagoda,5 Vermont Center,966-800-5022
552,Shawn,Mawd,smawdfb@hubpages.com,Male,China,Sanhe,9320 Magdeline Center,738-573-3124
553,Cheri,Tolley,ctolleyfc@vk.com,Female,China,Jianggezhuang,4805 Browning Plaza,273-645-9028
554,Hilly,Godly,hgodlyfd@ucoz.ru,Male,Poland,Jasienica Rosielna,555 Hoffman Lane,262-972-2754
555,Lorena,Driffe,ldriffefe@sohu.com,Female,Indonesia,Sambirata,9 Erie Trail,111-571-5357
556,Claudie,Menel,cmenelff@lycos.com,Female,Brazil,Beberibe,171 Westend Court,530-585-4949
557,Fulvia,Blyden,fblydenfg@wordpress.com,Female,Sweden,Falun,71 Hayes Road,135-878-5193
558,Nelson,Fortescue,nfortescuefh@businessinsider.com,Male,Bolivia,Concepción,8 Bartelt Road,888-849-9170
559,Hewett,Snaith,hsnaithfi@slate.com,Male,China,Zhitan,995 Declaration Terrace,796-650-3774
560,Tadeas,Coggan,tcogganfj@zdnet.com,Male,Brazil,São Félix do Xingu,12 Texas Circle,798-820-7869
561,Olenka,Bavage,obavagefk@princeton.edu,Female,Poland,Cisownica,0512 Bobwhite Center,251-603-2323
562,Hillary,Schubbert,hschubbertfl@japanpost.jp,Female,Serbia,Krupanj,203 Gateway Park,406-945-0935
563,Spense,Renahan,srenahanfm@domainmarket.com,Male,China,Heping,1 High Crossing Street,213-449-5128
564,Joana,Nesfield,jnesfieldfn@walmart.com,Female,Indonesia,Oemanu,84 Warrior Drive,930-987-7642
565,Rici,Axten,raxtenfo@e-recht24.de,Female,Brazil,Maracanaú,3162 Prairieview Circle,723-784-8423
566,Lurleen,Deadman,ldeadmanfp@1und1.de,Female,China,Xinzheng,33967 Rowland Way,481-592-4424
567,Basia,Plevin,bplevinfq@photobucket.com,Female,Tunisia,Zarzis,79469 Lakewood Gardens Trail,184-402-5476
568,Elonore,Lapley,elapleyfr@godaddy.com,Female,Netherlands,Zwolle,23 Bobwhite Lane,354-788-3266
569,Syman,Corten,scortenfs@nytimes.com,Male,Sweden,Stockholm,8 Maryland Lane,330-866-5694
570,Jacquelynn,Smithin,jsmithinft@twitpic.com,Female,China,Sijiu,233 Anhalt Junction,621-608-5943
571,Halsy,Lexa,hlexafu@miitbeian.gov.cn,Male,Poland,Dziadkowice,16 Dahle Place,233-300-5970
572,Ty,Goudman,tgoudmanfv@mysql.com,Male,France,Châteauroux,33673 Bellgrove Hill,668-248-5588
573,Riki,Gress,rgressfw@hibu.com,Female,Portugal,Santa Marta de Penaguião,3 Banding Center,286-679-6316
574,Annadiane,Byford,abyfordfx@ucla.edu,Female,Indonesia,Parenggan,38 Eggendart Road,908-319-1523
575,Hercule,Dewitt,hdewittfy@weebly.com,Male,Bolivia,San Francisco,0295 Dennis Road,969-626-1227
576,Celie,Stendall,cstendallfz@chronoengine.com,Female,Greece,Káto Glikóvrisi,8463 Maple Road,986-320-5901
577,Ibrahim,Ganiclef,iganiclefg0@purevolume.com,Male,Russia,Kuytun,1803 Fallview Alley,396-178-7684
578,Jedidiah,McDade,jmcdadeg1@mapy.cz,Male,China,Qingzhou,064 Arkansas Street,539-682-6545
579,Jerald,Simonetti,jsimonettig2@yahoo.co.jp,Male,Syria,Şabbūrah,90043 Prentice Alley,739-113-7560
580,Aggy,Spedding,aspeddingg3@biglobe.ne.jp,Female,Yemen,Jawl al Majma‘,7741 Judy Avenue,306-125-2708
581,Danya,Amys,damysg4@vistaprint.com,Male,Portugal,São Bartolomeu,192 Pepper Wood Place,218-642-3742
582,Betty,Flode,bflodeg5@youku.com,Female,China,Huagai,66 Arrowood Plaza,312-167-8336
583,Errol,Pottage,epottageg6@usa.gov,Male,Mexico,Azteca,4 Colorado Point,503-327-3486
584,Aurel,O'Lenane,aolenaneg7@state.gov,Female,Czech Republic,Kralupy nad Vltavou,64634 Merry Way,605-485-0062
585,Kylie,Hickenbottom,khickenbottomg8@photobucket.com,Female,China,Changxing,5 Knutson Alley,942-188-4438
586,Keelia,Bunnell,kbunnellg9@upenn.edu,Female,China,Fuqiang,09901 Dottie Center,143-875-5586
587,Alf,Milliken,amillikenga@huffingtonpost.com,Male,Thailand,Surat Thani,2 Lien Crossing,177-142-8202
588,Tiffanie,Herity,theritygb@va.gov,Female,Czech Republic,Vacenovice,4346 Ronald Regan Plaza,423-598-5901
589,Aluino,Caiger,acaigergc@fc2.com,Male,China,Wafang,4989 Spohn Circle,607-785-4976
590,Sophronia,Heck,sheckgd@over-blog.com,Female,Thailand,Ubon Ratchathani,8096 Corben Circle,528-623-3219
591,Chaddy,Covington,ccovingtonge@biblegateway.com,Male,South Africa,Mtubatuba,44989 Messerschmidt Junction,372-824-6106
592,Wittie,Woolford,wwoolfordgf@nps.gov,Male,China,Xilian,4419 Hauk Alley,694-166-3691
593,Valaria,Lavallin,vlavallingg@java.com,Female,Brazil,Uberlândia,27386 Hanover Pass,385-920-0139
594,Ramonda,Eassom,reassomgh@eepurl.com,Female,China,Xianrendu,01 Loeprich Point,929-917-8677
595,Charleen,Mogford,cmogfordgi@amazon.co.uk,Female,China,Hongqiao,42370 Green Alley,458-173-8501
596,Chrisy,Odom,codomgj@arizona.edu,Male,Mexico,Benito Juarez,71 Clove Terrace,276-800-8183
597,Schuyler,Hayhurst,shayhurstgk@umn.edu,Male,Portugal,Pedra Furada,290 Columbus Center,915-533-9048
598,Elke,Curr,ecurrgl@si.edu,Female,Afghanistan,Lashkar Gāh,05371 Alpine Way,331-191-2348
599,Mae,Ebenezer,mebenezergm@phoca.cz,Female,Argentina,Napenay,45544 Northview Point,372-553-2746
600,Arny,Exell,aexellgn@columbia.edu,Male,Mongolia,Doloon,64 Carberry Point,738-467-4530
601,Antoine,Huckle,ahucklego@uol.com.br,Male,Malaysia,Kuala Lumpur,64 Anderson Road,471-645-5888
602,Philippine,Cammack,pcammackgp@gizmodo.com,Female,Russia,Sovetsk,8081 Pankratz Pass,193-367-2109
603,Ker,Ludford,kludfordgq@blog.com,Male,Russia,Kavalerovo,96537 Valley Edge Court,993-976-2303
604,Franciska,Henzer,fhenzergr@surveymonkey.com,Female,United States,Nashville,4027 Texas Plaza,615-333-6545
605,Laverne,O'Duane,loduanegs@amazon.co.uk,Female,Sweden,Skärhamn,6131 Kings Junction,877-752-6046
606,Wrennie,Kench,wkenchgt@ed.gov,Female,Iran,Anār,68646 Eastwood Parkway,664-395-3158
607,Annabela,Dougher,adoughergu@ehow.com,Female,China,Yinjiaxi,73 Kim Lane,559-948-6104
608,Ferdinande,Jeromson,fjeromsongv@tmall.com,Female,Vietnam,Yên Mỹ,10 Sloan Alley,742-483-6649
609,Alvin,Whittet,awhittetgw@yahoo.co.jp,Male,Philippines,San Eduardo,5067 Lukken Junction,579-163-6688
610,Douglass,Wharin,dwharingx@sogou.com,Male,China,Machikou,509 Loeprich Hill,597-487-1700
611,Rudiger,Allred,rallredgy@over-blog.com,Male,Thailand,Bang Mun Nak,23 Thierer Plaza,149-817-6750
612,Bonita,Klezmski,bklezmskigz@webeden.co.uk,Female,Yemen,Ash Shawātī,72 Manitowish Plaza,660-854-8199
613,Nev,Downs,ndownsh0@wikia.com,Male,Czech Republic,Šumperk,2 Dennis Circle,126-233-9048
614,Shelbi,Bridson,sbridsonh1@seattletimes.com,Female,Indonesia,Bangus Kulon,828 Redwing Plaza,716-442-8796
615,Fidel,Dutchburn,fdutchburnh2@cargocollective.com,Male,Indonesia,Sukadana,13 Manley Parkway,676-463-1754
616,Royal,Mersey,rmerseyh3@moonfruit.com,Male,China,Jinshan,9012 Dorton Lane,951-389-7180
617,Nobie,Meneghi,nmeneghih4@sciencedirect.com,Male,China,Minle,1 Stephen Alley,730-124-2535
618,Abra,Wille,awilleh5@guardian.co.uk,Female,Portugal,Alcanena,6868 Blaine Circle,550-517-2765
619,Roderic,Kob,rkobh6@feedburner.com,Male,Philippines,Calibutbut,70953 Vernon Center,743-122-9802
620,Lacey,Harewood,lharewoodh7@chron.com,Female,Indonesia,Airmolek,87 Lien Parkway,721-217-2767
621,Godfree,Chomley,gchomleyh8@issuu.com,Male,Vietnam,Gò Quao,1 Mcguire Road,811-872-7280
622,Way,Vasse,wvasseh9@slideshare.net,Male,Indonesia,Kadubamban,49760 Weeping Birch Center,865-626-3595
623,Henka,Avrahamof,havrahamofha@icq.com,Female,Indonesia,Karangpocok,2000 Garrison Place,276-156-9264
624,Aldon,Micah,amicahhb@newsvine.com,Male,Poland,Szczytno,387 Larry Place,938-488-6923
625,Fidole,Puden,fpudenhc@dedecms.com,Male,Ukraine,Uspenka,976 Walton Parkway,168-139-9474
626,Blair,Dyster,bdysterhd@hhs.gov,Female,Kazakhstan,Ognevka,39049 Briar Crest Street,686-726-0490
627,Moria,Murra,mmurrahe@google.co.jp,Female,Belgium,Bruxelles,345 Schmedeman Way,827-696-5931
628,Paten,Carsberg,pcarsberghf@gravatar.com,Male,China,Luobei,0 Stang Point,613-926-2470
629,Tamara,Fursse,tfurssehg@archive.org,Female,France,Niort,9 Mayer Street,396-681-4735
630,Valeda,Rawdales,vrawdaleshh@ifeng.com,Female,Philippines,Marantao,49 Texas Junction,923-191-0199
631,Barrie,Crayke,bcraykehi@epa.gov,Female,Brazil,Concórdia,57 Sachs Drive,809-706-8803
632,Virginie,Pharo,vpharohj@barnesandnoble.com,Female,China,Mizhou,87 Dovetail Point,220-137-3897
633,Johnette,Leitche,jleitchehk@hud.gov,Female,Finland,Nagu,3845 Monterey Hill,579-820-9464
634,Garrett,Shade,gshadehl@hexun.com,Male,Uzbekistan,Yangiyŭl,58 Clemons Center,735-118-2960
635,Chrissie,Kyllford,ckyllfordhm@time.com,Male,Brazil,Curitibanos,61325 Chinook Road,765-510-0036
636,Nanine,Choke,nchokehn@angelfire.com,Female,Brazil,Limoeiro do Ajuru,3406 Sutherland Trail,442-260-7207
637,Jyoti,Jeanneau,jjeanneauho@uol.com.br,Female,China,Guji,38342 Badeau Hill,478-583-2339
638,Giuditta,Maria,gmariahp@macromedia.com,Female,Russia,Gayny,90805 Mariners Cove Way,548-134-8990
639,Nap,Gercken,ngerckenhq@prlog.org,Male,Ecuador,Bahía de Caráquez,1352 Welch Place,586-229-4928
640,Amelina,Clay,aclayhr@youtube.com,Female,Argentina,Unquillo,82 Burning Wood Way,175-462-0166
641,Fields,Grassot,fgrassoths@opensource.org,Male,Indonesia,Tlogosadang,01 Lyons Hill,124-517-5864
642,Faydra,Kenwyn,fkenwynht@github.io,Female,Portugal,Guifões,45 Hoard Drive,831-571-8189
643,Tybi,Hackney,thackneyhu@bloglovin.com,Female,Russia,Rodnikovskaya,53 Dryden Trail,397-302-4014
644,Chickie,Santora,csantorahv@nature.com,Male,Russia,Poretskoye,39073 Judy Court,918-396-2062
645,Angelo,Lighton,alightonhw@yandex.ru,Male,China,Quanxi,53 Talmadge Center,367-426-3303
646,Ody,Puleque,opulequehx@taobao.com,Male,China,Jiannan,5579 Glendale Center,694-366-7126
647,Shirl,Bernth,sbernthhy@apple.com,Female,Philippines,Taywanak Ilaya,38771 Monica Street,128-523-0084
648,Cornie,Traise,ctraisehz@goo.ne.jp,Female,Brazil,Rio Claro,94808 Fairfield Plaza,543-597-6966
649,Lindi,Mundford,lmundfordi0@cnet.com,Female,Philippines,Santo Niño,32287 Spohn Trail,299-679-7978
650,Sherline,Trowbridge,strowbridgei1@creativecommons.org,Female,Greece,Aravissós,781 Esch Trail,638-390-6950
651,Blaine,Gullen,bgulleni2@weather.com,Male,Indonesia,Penitik,4265 Judy Plaza,807-200-2982
652,Denys,Deave,ddeavei3@google.cn,Male,Philippines,Gasan,5 Farmco Court,219-478-9226
653,Salomone,Outright,soutrighti4@blogs.com,Male,Russia,Adygeysk,5651 Tony Court,571-776-7715
654,Florry,Liggons,fliggonsi5@google.nl,Female,Brazil,Irecê,41 Eagan Center,464-483-8624
655,Allyn,Roostan,aroostani6@mit.edu,Female,Russia,Bisert’,58845 Carey Plaza,672-197-8845
656,Raoul,Merrydew,rmerrydewi7@un.org,Male,Panama,Los Boquerones,205 Graceland Circle,849-570-7131
657,Giffy,Haggath,ghaggathi8@comsenz.com,Male,France,Bordeaux,4 Walton Pass,575-911-9433
658,Daveen,Soeiro,dsoeiroi9@noaa.gov,Female,Colombia,Betulia,2700 Spaight Alley,319-618-8024
659,Sully,Hawes,shawesia@facebook.com,Male,France,La Garde,452 Cordelia Drive,339-529-4761
660,Ursa,Burhouse,uburhouseib@biblegateway.com,Female,Australia,Sydney,7 Sycamore Trail,638-430-0955
661,Lemmy,Lorens,llorensic@digg.com,Male,Brazil,Penalva,707 Annamark Center,919-557-1379
662,Rice,Broxup,rbroxupid@unesco.org,Male,China,Wangtai,03 Sundown Park,554-253-3142
663,Elisabetta,Tole,etoleie@reverbnation.com,Female,Colombia,Honda,8166 Burning Wood Hill,897-268-9706
664,Darryl,Jenkinson,djenkinsonif@geocities.com,Male,Pakistan,Vihāri,5 Colorado Hill,555-493-1874
665,Marthe,Gildersleeve,mgildersleeveig@upenn.edu,Female,Macedonia,Dobri Dol,885 Cardinal Street,354-503-6711
666,Sunshine,Soutar,ssoutarih@squarespace.com,Female,China,Micheng,7900 Pearson Parkway,125-319-7990
667,Izak,Mackriell,imackriellii@jigsy.com,Male,Sweden,Uddevalla,10389 Stoughton Junction,937-289-2505
668,Shannon,Crossan,scrossanij@wunderground.com,Female,China,Taipingchuan,828 Ridgeway Crossing,696-351-0129
669,Loralie,Vayne,lvayneik@latimes.com,Female,China,Sancang,8 Maywood Trail,765-706-4789
670,Marten,Hartmann,mhartmannil@squarespace.com,Male,China,Chengyang,75 Springs Place,609-811-7509
671,Bevan,Halbeard,bhalbeardim@creativecommons.org,Male,Sweden,Göteborg,32 Quincy Place,694-870-8953
672,Shelton,Lailey,slaileyin@twitpic.com,Male,Japan,Arai,5440 Onsgard Road,363-947-8302
673,Gabriel,Sheard,gsheardio@fastcompany.com,Female,Colombia,La Unión,44805 Dapin Center,826-398-4286
674,Hammad,Weston,hwestonip@hubpages.com,Male,Poland,Smętowo Graniczne,924 Hansons Way,553-226-8911
675,Elsie,Stevings,estevingsiq@google.it,Female,Russia,Ozëry,485 Bashford Court,377-444-1284
676,Carilyn,McComas,cmccomasir@sogou.com,Female,China,Pianbai,766 8th Park,661-489-7549
677,Abe,Alam,aalamis@t.co,Male,Slovenia,Legen,4 Oak Way,729-943-1094
678,Collette,Edler,cedlerit@dmoz.org,Female,Vietnam,Thị Trấn Bắc Yên,180 Hansons Circle,283-805-3967
679,Christiane,Crimmins,ccrimminsiu@yahoo.com,Female,Indonesia,Tembang,6 Dennis Trail,521-194-6833
680,Rosella,Helliwell,rhelliwelliv@cbc.ca,Female,China,Baiqi,857 Barnett Plaza,158-388-4596
681,Mayor,Uccelli,muccelliiw@netscape.com,Male,Russia,Rossosh’,0687 Cardinal Way,558-632-6177
682,Claudie,Ratter,cratterix@eventbrite.com,Female,Russia,Temyasovo,28757 Golf Lane,629-180-6946
683,Lyda,McCrystal,lmccrystaliy@hubpages.com,Female,United States,Miami,30960 Florence Lane,786-207-1052
684,Marjory,Caron,mcaroniz@epa.gov,Female,China,Hongkou,2924 Bluejay Park,643-545-0653
685,Prisca,Simmonett,psimmonettj0@cnn.com,Female,Peru,Mórrope,0 Kedzie Court,757-346-9292
686,Justino,Burgne,jburgnej1@networksolutions.com,Male,United States,Seattle,24 Miller Junction,253-809-2399
687,Cordie,Brims,cbrimsj2@amazon.co.uk,Female,Russia,Gorshechnoye,27 Wayridge Place,603-790-9928
688,Bria,Copas,bcopasj3@webs.com,Female,Indonesia,Cimuncang,23 Fallview Place,430-373-8784
689,Claudetta,Brennan,cbrennanj4@smugmug.com,Female,China,Lop,59 Chive Circle,945-417-6506
690,Barnabas,Letherbury,bletherburyj5@oaic.gov.au,Male,France,Saint-Maur-des-Fossés,35880 Hanover Terrace,390-587-2208
691,Chrissy,Genny,cgennyj6@gmpg.org,Male,China,Hongguang,5358 Cambridge Pass,170-670-1613
692,Sly,Drummond,sdrummondj7@wufoo.com,Male,Sweden,Åkersberga,193 Fisk Trail,225-235-3365
693,Antoine,Gaythor,agaythorj8@hatena.ne.jp,Male,Zimbabwe,Dete,73785 Muir Plaza,718-943-6935
694,Davey,Paul,dpaulj9@census.gov,Male,Canada,Brant,3510 Arizona Road,747-468-1147
695,Berk,Broz,bbrozja@photobucket.com,Male,Azerbaijan,Amirdzhan,028 Melrose Road,950-498-9050
696,Annora,Ferrai,aferraijb@etsy.com,Female,China,Mabai,44 Lakeland Plaza,928-491-5615
697,Honor,Jillins,hjillinsjc@unesco.org,Female,China,Qingnianlu,6756 Prairieview Crossing,735-165-9641
698,Archibaldo,Harvison,aharvisonjd@pagesperso-orange.fr,Male,Brazil,Lauro de Freitas,18 Katie Circle,354-451-8407
699,Lucilia,De Roos,lderoosje@ucoz.com,Female,Russia,Tarnogskiy Gorodok,34 Sachs Court,758-124-8839
700,Creigh,Pusey,cpuseyjf@ucla.edu,Male,France,Saint-Ouen,7562 Mayer Parkway,988-481-3977
701,Nichol,Riddiford,nriddifordjg@oakley.com,Female,Venezuela,Guayabal,13155 1st Pass,944-372-7870
702,Darnell,Perle,dperlejh@census.gov,Male,Belarus,Mstsislaw,1955 Vahlen Drive,864-319-7116
703,Camila,McKeaney,cmckeaneyji@a8.net,Female,Japan,Wakkanai,6 Barby Avenue,275-650-9346
704,Jerrold,Alves,jalvesjj@vinaora.com,Male,Brazil,Aragarças,79032 Ilene Terrace,413-492-9647
705,Kerry,Barrand,kbarrandjk@clickbank.net,Male,Dominican Republic,Partido,3841 Sachtjen Trail,404-935-7201
706,Nye,Ianno,niannojl@princeton.edu,Male,Philippines,Santa Cruz,2722 Redwing Center,893-490-4752
707,Felike,Iskow,fiskowjm@parallels.com,Male,China,Xiaochi,3 Green Ridge Park,343-618-8413
708,Sybilla,Esmond,sesmondjn@spotify.com,Female,Colombia,Chigorodó,6953 Nova Street,617-224-3368
709,Cletis,Feary,cfearyjo@indiegogo.com,Male,Indonesia,Babat,6917 Buhler Crossing,635-445-3922
710,Nina,Cosham,ncoshamjp@adobe.com,Female,Philippines,Kanluran,54 Brentwood Junction,362-291-4704
711,Nick,Pfertner,npfertnerjq@nhs.uk,Male,Spain,Albacete,75 Westport Parkway,133-794-3889
712,Boothe,Mottershaw,bmottershawjr@gnu.org,Male,France,Saint-Dizier,23 Tony Point,503-958-0987
713,Ainslee,Haugg,ahauggjs@psu.edu,Female,China,Sigu,6455 Valley Edge Crossing,275-103-9086
714,Jarrett,Swancock,jswancockjt@house.gov,Male,Bulgaria,Aytos,57 Monica Place,324-237-3900
715,Celesta,Annett,cannettju@sohu.com,Female,Vietnam,Doug An,4 East Terrace,679-717-6829
716,Querida,Dumphreys,qdumphreysjv@moonfruit.com,Female,Japan,Tomioka,23890 Oriole Lane,677-813-7004
717,Darci,Culter,dculterjw@jimdo.com,Female,Ethiopia,Āsasa,84 Maryland Junction,188-175-6734
718,Madison,Wainscot,mwainscotjx@csmonitor.com,Male,Kenya,Kakamega,7 Holmberg Pass,250-488-0297
719,Thorin,Wooder,twooderjy@lulu.com,Male,China,Yixingfu,4 Carberry Place,436-770-0986
720,Ash,Tivnan,ativnanjz@gmpg.org,Male,Brazil,Maragogi,5159 Lakewood Avenue,324-378-1549
721,Griffin,McQuorkel,gmcquorkelk0@disqus.com,Male,China,Zoumaling,632 Doe Crossing Circle,749-498-3562
722,Lawry,Whitford,lwhitfordk1@si.edu,Male,Indonesia,Bakungan,53087 Waxwing Court,112-706-6888
723,Stephanus,Oleshunin,soleshunink2@wiley.com,Male,Indonesia,Mulyorejo,8957 Duke Park,650-855-6419
724,Lloyd,Robjents,lrobjentsk3@wp.com,Male,Latvia,Nīca,8549 Bayside Road,367-130-6252
725,Parsifal,Yokley,pyokleyk4@sbwire.com,Male,North Korea,Kujang-ŭp,547 Russell Drive,295-783-0615
726,Rubia,Goold,rgooldk5@washington.edu,Female,United States,Denver,3 Rutledge Lane,303-943-5798
727,Rutter,Ong,rongk6@springer.com,Male,Papua New Guinea,Rabaul,2 Namekagon Court,285-321-1785
728,Loy,Pretsell,lpretsellk7@cisco.com,Male,New Zealand,New Plymouth,04030 Banding Way,522-665-6680
729,Brynne,Clinnick,bclinnickk8@meetup.com,Female,Sint Maarten,Philipsburg,97731 Westend Junction,675-682-9284
730,Maia,Medina,mmedinak9@oaic.gov.au,Female,Czech Republic,Jablunkov,6768 Waywood Hill,902-564-8888
731,Shirlee,Snadden,ssnaddenka@mapy.cz,Female,United States,Humble,43 Toban Road,281-126-8837
732,Marion,Skipping,mskippingkb@tripadvisor.com,Female,Argentina,Puan,10004 Lukken Point,383-857-4300
733,Barney,Hymas,bhymaskc@bluehost.com,Male,Monaco,Monte-Carlo,403 Cascade Point,953-660-7741
734,Margie,Hawkswood,mhawkswoodkd@wix.com,Female,United States,Oakland,54 Darwin Road,510-699-7804
735,Valenka,Finan,vfinanke@rediff.com,Female,China,Xinji,0974 Little Fleur Point,997-410-6100
736,Hillyer,Symcoxe,hsymcoxekf@rakuten.co.jp,Male,Israel,Gedera,726 Dakota Parkway,947-155-7203
737,Blaire,Borell,bborellkg@umn.edu,Female,Bangladesh,Dhaka,3 Oak Valley Park,492-658-5647
738,Ettore,Wickling,ewicklingkh@icio.us,Male,Chile,Lampa,6 Towne Point,390-241-6073
739,Jard,Coade,jcoadeki@prnewswire.com,Male,Philippines,Pang,832 Tennessee Alley,612-716-0867
740,Sly,Skipper,sskipperkj@state.tx.us,Male,Brazil,Natividade,6694 Drewry Avenue,252-621-7974
741,Marabel,Yakunkin,myakunkinkk@indiegogo.com,Female,Brazil,Montenegro,51301 Buhler Parkway,350-571-0745
742,Nefen,Poel,npoelkl@barnesandnoble.com,Male,Kazakhstan,Temirtau,3 Bunting Crossing,680-279-9827
743,Belinda,Luard,bluardkm@jiathis.com,Female,Venezuela,Santa Bárbara,3965 Packers Avenue,335-408-8746
744,Duky,Hurleston,dhurlestonkn@about.me,Male,China,Kangping,23 Buell Point,234-344-2209
745,Ian,Nowakowska,inowakowskako@mashable.com,Male,Poland,Skulsk,89 Roxbury Trail,223-639-8462
746,Marcus,Dallywater,mdallywaterkp@soup.io,Male,Philippines,Caracal,8 Haas Terrace,613-440-8965
747,Katharina,Sworder,ksworderkq@earthlink.net,Female,Portugal,Alvega,3 Delladonna Point,544-625-4861
748,Herbert,Hrihorovich,hhrihorovichkr@liveinternet.ru,Male,Colombia,Isnos,1 Cambridge Pass,561-824-0984
749,Court,Brauninger,cbrauningerks@wix.com,Male,China,Jinhai,75538 Spohn Circle,830-473-7429
750,Phyllida,Wade,pwadekt@wikia.com,Female,Indonesia,Jepuro,7 La Follette Point,629-438-0989
751,Tades,Sphinxe,tsphinxeku@freewebs.com,Male,China,Eling,7 Hallows Pass,683-709-1247
752,Gearalt,Dawtrey,gdawtreykv@cpanel.net,Male,Philippines,Mabunga,8 Menomonie Plaza,339-653-8984
753,Jasmine,Roja,jrojakw@fema.gov,Female,Nicaragua,Morrito,9638 Vahlen Alley,576-978-7898
754,Maggee,Mc Ilwrick,mmcilwrickkx@guardian.co.uk,Female,Thailand,Phetchabun,29016 Twin Pines Trail,780-824-9815
755,Haskell,Bradnam,hbradnamky@spiegel.de,Male,Namibia,Rehoboth,33218 Cody Court,159-923-5821
756,Richmound,Haycraft,rhaycraftkz@icio.us,Male,Spain,Sevilla,78112 Eastlawn Park,802-520-6670
757,Lira,Shayes,lshayesl0@sfgate.com,Female,China,Yuankeng,8 Columbus Trail,853-859-9846
758,Vittorio,Stoak,vstoakl1@nba.com,Male,Honduras,Erandique,5 Sunbrook Terrace,100-424-4286
759,Dale,Elph,delphl2@shinystat.com,Female,Brazil,Águas Belas,1 Straubel Parkway,422-220-1229
760,Ryan,Ervin,rervinl3@google.nl,Male,China,Dongxi,22 Sugar Circle,117-542-2655
761,Marna,Levane,mlevanel4@networksolutions.com,Female,China,Gucheng,32 Transport Park,989-895-5208
762,Ambur,Chartres,achartresl5@rakuten.co.jp,Female,Canada,Hanover,401 Mariners Cove Way,197-644-3969
763,Matthus,Charlick,mcharlickl6@bbc.co.uk,Male,Nepal,Malangwa,16 Golf Crossing,463-782-6616
764,Natty,Ivkovic,nivkovicl7@opensource.org,Female,United States,Philadelphia,6 Fair Oaks Park,215-658-3690
765,Frankie,Parr,fparrl8@hp.com,Female,Armenia,Maralik,463 Boyd Lane,774-617-9176
766,Sydney,Karchowski,skarchowskil9@sourceforge.net,Male,Morocco,Youssoufia,6 Sutherland Hill,538-712-2698
767,Nicola,Gethouse,ngethousela@mtv.com,Male,Bolivia,Trinidad,05904 Marcy Plaza,965-680-8936
768,Brennen,Doughty,bdoughtylb@fotki.com,Male,Pakistan,Nārang,429 Raven Trail,193-701-6694
769,Seamus,Mouton,smoutonlc@dmoz.org,Male,Philippines,San Emilio,9 Merchant Avenue,736-471-8667
770,Bill,Issard,bissardld@infoseek.co.jp,Male,Palestinian Territory,Ash Shuhadā’,7687 Raven Way,199-954-7396
771,Nadiya,Medwell,nmedwellle@technorati.com,Female,China,Sigeng,2911 Eastwood Terrace,318-702-9657
772,Ulric,Arpino,uarpinolf@adobe.com,Male,Indonesia,Krenggan,601 Russell Alley,273-396-8281
773,Maitilde,Simek,msimeklg@deliciousdays.com,Female,Sweden,Ludvika,7 Summit Junction,460-602-1863
774,Zena,Denisovich,zdenisovichlh@usda.gov,Female,Russia,Chernukha,117 Cottonwood Drive,941-552-7730
775,Vincent,Yoslowitz,vyoslowitzli@weibo.com,Male,Portugal,Vilarinho,16 Scoville Terrace,749-604-6994
776,Lina,Philpin,lphilpinlj@nsw.gov.au,Female,China,Jiantianjie,0142 Tennessee Trail,448-544-7067
777,Kiley,Yosifov,kyosifovlk@nytimes.com,Male,Indonesia,Atap,1 Oxford Place,288-167-9732
778,Judon,Goodnow,jgoodnowll@businessweek.com,Male,Indonesia,Belajen,964 Tomscot Avenue,951-512-7911
779,Bil,Proudlock,bproudlocklm@deliciousdays.com,Male,Armenia,Nor Yerznka,2183 Westend Hill,252-294-9233
780,Koral,Kennealy,kkennealyln@issuu.com,Female,China,Tongchuan,2 Pepper Wood Place,599-730-8256
781,Korrie,Gurwood,kgurwoodlo@icio.us,Female,Nigeria,Damasak,10 Ludington Drive,578-451-0049
782,Seline,Rickardes,srickardeslp@utexas.edu,Female,Paraguay,Ypacarai,787 Brickson Park Alley,365-724-9432
783,Durward,Innerstone,dinnerstonelq@latimes.com,Male,China,Mubo,9618 Corben Junction,265-463-1798
784,Ryley,Godon,rgodonlr@clickbank.net,Male,China,Xinfa,93 Claremont Hill,687-112-9934
785,Monti,Readhead,mreadheadls@icio.us,Male,Indonesia,Gurung,226 Reindahl Center,982-799-1353
786,Montague,Reely,mreelylt@about.me,Male,China,Koramlik,0 Gina Center,947-617-2460
787,Hester,Leatherland,hleatherlandlu@google.com.br,Female,Indonesia,Neob,42 Gateway Road,542-503-3448
788,Ethyl,Dowber,edowberlv@microsoft.com,Female,Brazil,Mamanguape,8 Dexter Street,777-428-3378
789,Saunderson,Riccetti,sriccettilw@google.com.au,Male,Philippines,Pangascasan,32608 Erie Point,895-684-7804
790,Brian,Wilmut,bwilmutlx@opera.com,Male,Philippines,Looc,19 Ridgeway Terrace,953-778-7628
791,Dominica,O'Reagan,doreaganly@dedecms.com,Female,China,Baiguo,2 Packers Terrace,726-686-4701
792,Ladonna,Fatkin,lfatkinlz@bravesites.com,Female,Russia,Tutayev,06748 Annamark Lane,639-110-3368
793,Danika,Jerred,djerredm0@lycos.com,Female,China,Shaochang,8 Hoepker Drive,699-462-2957
794,Aggi,Mazella,amazellam1@abc.net.au,Female,Indonesia,Growong Kidul,325 Mendota Hill,425-903-5268
795,Tatiana,Riguard,triguardm2@wikia.com,Female,France,Soisy-sous-Montmorency,5427 Morning Court,223-739-0812
796,Granger,Maisey,gmaiseym3@nps.gov,Male,Portugal,Orvalho,6 Dapin Lane,735-681-8390
797,Fabio,Mattin,fmattinm4@is.gd,Male,Philippines,Getulio,5 Grover Place,455-914-0392
798,Cece,Simenet,csimenetm5@github.io,Male,Philippines,Libato,32 Carpenter Road,825-711-7164
799,Reynard,Ridett,rridettm6@ft.com,Male,Sweden,Enskede,31497 Forest Dale Place,528-462-5941
800,Davide,Cluelow,dcluelowm7@google.com.au,Male,Poland,Ciepielów,3614 Clove Pass,714-659-5419
801,Levy,Dowdle,ldowdlem8@nasa.gov,Male,Canada,Summerland,9188 Fordem Center,373-489-7328
802,Emanuel,Gambie,egambiem9@abc.net.au,Male,Nigeria,Ijebu-Ife,55059 Di Loreto Way,677-884-2258
803,Devinne,Howle,dhowlema@ocn.ne.jp,Female,Panama,Las Lomas,81708 Oak Pass,205-337-4415
804,Florina,Baytrop,fbaytropmb@dmoz.org,Female,Azerbaijan,Saray,8711 Arkansas Point,174-990-4444
805,Tailor,Surman-Wells,tsurmanwellsmc@edublogs.org,Male,Indonesia,Tempel,7563 Clarendon Plaza,944-325-7763
806,Blinnie,Brunsden,bbrunsdenmd@newsvine.com,Female,Peru,San Ramón,7 Michigan Alley,817-939-9279
807,Olia,Minero,ominerome@globo.com,Female,Azerbaijan,Yuxarı Aran,380 Anthes Way,566-894-7738
808,Bastian,Pearmain,bpearmainmf@jugem.jp,Male,China,Jingjiao,0 Village Hill,521-511-7193
809,Wash,Diggins,wdigginsmg@ezinearticles.com,Male,Indonesia,Nambak Tengah,1152 Veith Trail,774-327-6788
810,Rafaelia,Gutman,rgutmanmh@cnet.com,Female,Aland Islands,Kumlinge,80 Northfield Trail,943-875-7875
811,Annie,Buckel,abuckelmi@nyu.edu,Female,Poland,Koszarawa,328 Eastlawn Pass,532-900-0211
812,Merrily,Gawthrope,mgawthropemj@newsvine.com,Female,Netherlands,Doetinchem,7 Del Mar Lane,228-361-0030
813,Carrol,Oris,corismk@hao123.com,Male,China,Gujun,790 Esker Plaza,901-356-4596
814,Peyton,Skyrme,pskyrmeml@oaic.gov.au,Male,Canada,Burgeo,151 Derek Drive,541-302-9851
815,Gaelan,Goodger,ggoodgermm@pcworld.com,Male,France,Avignon,33147 Dexter Pass,999-732-3504
816,Christyna,Langelay,clangelaymn@arizona.edu,Female,Indonesia,Sananrejo,0 Westend Drive,542-639-0753
817,Ritchie,Marchelli,rmarchellimo@si.edu,Male,Indonesia,Cikupa,6477 Division Court,860-163-0273
818,Shell,Follin,sfollinmp@oaic.gov.au,Female,Argentina,Río Segundo,784 Moulton Drive,367-730-0382
819,Mala,Rainsbury,mrainsburymq@bing.com,Female,Indonesia,Merik,0872 Hoard Plaza,245-573-4468
820,Noah,Hulkes,nhulkesmr@nbcnews.com,Male,United States,Gatesville,40447 Lien Drive,254-433-3459
821,Janette,Cocksedge,jcocksedgems@google.ca,Female,Indonesia,Paseyan,13 Packers Pass,341-884-4248
822,Travis,Paskins,tpaskinsmt@addtoany.com,Male,El Salvador,Delgado,17 Little Fleur Pass,665-680-6985
823,Reggie,Rosa,rrosamu@icio.us,Male,China,Feikeng,0069 Old Shore Junction,429-622-2168
824,Dmitri,MacCome,dmaccomemv@engadget.com,Male,Central African Republic,Kouango,21 Hanover Point,985-100-5442
825,Marchelle,Schlagh,mschlaghmw@indiegogo.com,Female,Russia,Kommunar,77 Morningstar Terrace,968-119-1205
826,Nealson,Roger,nrogermx@nytimes.com,Male,Czech Republic,Petrov,4183 Messerschmidt Pass,178-180-2128
827,Keelby,Starkie,kstarkiemy@pinterest.com,Male,Indonesia,Patenongan,5043 Kensington Parkway,214-496-8840
828,Justinian,Davidow,jdavidowmz@businessweek.com,Male,China,Yanhu,054 Blue Bill Park Trail,706-867-7324
829,Lay,Leitch,lleitchn0@cbslocal.com,Male,China,Changping,28654 Eliot Parkway,766-845-3275
830,Frannie,Blancowe,fblancowen1@salon.com,Female,China,Xinhe,673 Arizona Trail,365-145-5333
831,Ellis,Cops,ecopsn2@irs.gov,Male,Russia,Khanino,295 Lunder Road,949-534-1109
832,Honoria,Langthorne,hlangthornen3@icq.com,Female,North Korea,Samho-rodongjagu,61768 Di Loreto Street,875-155-3848
833,Emerson,Shenley,eshenleyn4@berkeley.edu,Male,Ukraine,Mala Danylivka,5 Oakridge Trail,441-388-0676
834,Marne,Derwin,mderwinn5@mapquest.com,Female,China,Taipingxi,0 Bonner Avenue,541-710-0033
835,Dedie,Healings,dhealingsn6@economist.com,Female,Nigeria,Oyan,3 Badeau Hill,273-214-8982
836,Bastien,Revie,brevien7@feedburner.com,Male,Sweden,Hägersten,6 Merchant Avenue,886-409-2293
837,Syd,Gather,sgathern8@pagesperso-orange.fr,Male,Argentina,Ingeniero Guillermo N. Juárez,0189 Truax Circle,464-130-5557
838,Allis,Thireau,athireaun9@chicagotribune.com,Female,Kosovo,Dragash,330 Buhler Hill,635-462-7065
839,Caldwell,Mackilpatrick,cmackilpatrickna@hao123.com,Male,China,Jiaoxiyakou,11526 Badeau Trail,979-619-7523
840,Audi,Sines,asinesnb@wikia.com,Female,Sweden,Norrköping,4 Ramsey Road,113-457-2916
841,Warde,Gornal,wgornalnc@rambler.ru,Male,Chile,San Clemente,81105 Dapin Center,104-312-5683
842,Cariotta,Woollends,cwoollendsnd@delicious.com,Female,China,Yingyang,58563 Kropf Parkway,655-208-1784
843,Shirl,Hundell,shundellne@facebook.com,Female,China,Qinhong,4973 Rieder Crossing,700-151-2010
844,Matty,Baltrushaitis,mbaltrushaitisnf@ucsd.edu,Male,Philippines,Eguia,34428 Packers Trail,919-475-6871
845,Damara,Pele,dpeleng@dailymail.co.uk,Female,China,Lidian,45442 Vermont Drive,706-222-6135
846,Siouxie,Teenan,steenannh@google.fr,Female,Poland,Strzelin,2415 Schurz Road,521-283-0430
847,Eddie,Goschalk,egoschalkni@prweb.com,Male,United States,Jeffersonville,2 Pepper Wood Pass,812-885-8049
848,Gena,Berrow,gberrownj@tinyurl.com,Female,Malaysia,Shah Alam,83735 Cottonwood Circle,817-935-7044
849,Aleta,Sheals,ashealsnk@sourceforge.net,Female,Indonesia,Mboto,57330 Kings Point,463-201-4225
850,Zorana,Cawsy,zcawsynl@ed.gov,Female,China,Youshan,5 Novick Pass,201-215-2673
851,Jacky,Dickey,jdickeynm@unc.edu,Male,Indonesia,Tanagara,8179 Bowman Junction,365-144-5646
852,Gillie,Drowsfield,gdrowsfieldnn@arizona.edu,Female,Brazil,Campo Grande,40886 Rockefeller Center,571-503-8363
853,Dolph,Kemmey,dkemmeyno@dailymotion.com,Male,Vietnam,Di Linh,549 Warrior Crossing,834-641-4786
854,Russell,Marklin,rmarklinnp@oracle.com,Male,Russia,Koslan,4026 Amoth Alley,882-806-1057
855,Marrilee,Thurlby,mthurlbynq@oracle.com,Female,Norway,Oslo,4840 Paget Crossing,379-302-2034
856,Marissa,Hymans,mhymansnr@arstechnica.com,Female,Vietnam,Đưc Trọng,68 Bartillon Point,205-396-2722
857,Carol-jean,Braddick,cbraddickns@harvard.edu,Female,Czech Republic,Kamenné Žehrovice,127 6th Place,615-160-8086
858,Daffie,Loton,dlotonnt@ask.com,Female,Peru,Jayanca,64 Glacier Hill Place,120-728-0506
859,Vladamir,Mariault,vmariaultnu@sitemeter.com,Male,Portugal,Sebadelhe,97 Blackbird Point,602-351-0526
860,Kimble,Polino,kpolinonv@artisteer.com,Male,Bosnia and Herzegovina,Mionica,4082 Kim Junction,664-212-2453
861,Shaine,Dary,sdarynw@nytimes.com,Male,Honduras,Teupasenti,78191 Melrose Trail,481-108-7866
862,Aubert,Spini,aspininx@yellowpages.com,Male,Russia,Sukhobuzimskoye,8 Nancy Court,490-712-7717
863,Kakalina,Gillimgham,kgillimghamny@mozilla.org,Female,China,Huzhou,2453 Warner Pass,410-887-0367
864,Deb,Shimman,dshimmannz@github.io,Female,China,Tewulike,7190 Green Junction,961-769-5764
865,Barton,Bollis,bbolliso0@aboutads.info,Male,France,Lyon,976 Burning Wood Hill,439-133-1448
866,Camala,Moulden,cmouldeno1@amazon.co.jp,Female,Egypt,Hihyā,10179 Packers Plaza,712-904-7857
867,Francois,Takis,ftakiso2@fda.gov,Male,Argentina,Zapala,6602 Golden Leaf Hill,302-931-0839
868,Bud,Takkos,btakkoso3@meetup.com,Male,Portugal,Lombo Meão,69 Algoma Alley,172-476-5081
869,Maryanna,Hoult,mhoulto4@usgs.gov,Female,Argentina,Tigre,5 Harper Parkway,225-686-2678
870,Elaina,Billham,ebillhamo5@epa.gov,Female,Belarus,Horad Smalyavichy,27838 Manufacturers Parkway,116-517-3712
871,Sutton,Berge,sbergeo6@tinypic.com,Male,Philippines,Balinad,748 Dexter Place,966-723-5400
872,Harlen,Dedden,hdeddeno7@dedecms.com,Male,Indonesia,Noebana,88 Eliot Alley,207-702-1596
873,Jeniece,Dawkes,jdawkeso8@blinklist.com,Female,Russia,Somovo,3003 Maple Terrace,801-584-5753
874,Fritz,Poppy,fpoppyo9@t-online.de,Male,Mongolia,Havirga,4114 Waywood Terrace,247-741-7616
875,Winthrop,Arons,waronsoa@businesswire.com,Male,Luxembourg,Steinfort,3 Cottonwood Park,328-940-3841
876,Dinah,Parminter,dparminterob@biglobe.ne.jp,Female,China,Fengting,37 Dapin Trail,607-499-6981
877,Nanete,Sibyllina,nsibyllinaoc@webnode.com,Female,Canada,Thessalon,1561 Bartillon Way,377-986-0095
878,Marwin,Jeger,mjegerod@wikimedia.org,Male,Indonesia,Leles,90890 Anderson Drive,915-258-1280
879,Phillip,Feige,pfeigeoe@goo.ne.jp,Male,Finland,Ekenäs,17169 Browning Alley,199-542-3412
880,Rhianna,Bertolaccini,rbertolacciniof@microsoft.com,Female,Russia,Tosno,3 Oxford Alley,303-315-1689
881,Wilt,Tee,wteeog@usatoday.com,Male,Indonesia,Pondokwungu,40035 Schlimgen Hill,441-226-3697
882,Gottfried,Telezhkin,gtelezhkinoh@businesswire.com,Male,Russia,Pokrov,28 Anniversary Circle,369-390-9530
883,Amalea,Worthing,aworthingoi@fotki.com,Female,Russia,Nikolayevsk,62231 Sage Center,462-826-6149
884,Antonius,Malec,amalecoj@marriott.com,Male,China,Chatou,947 Moulton Street,404-788-0415
885,Janice,McGurn,jmcgurnok@prnewswire.com,Female,Indonesia,Kalangsari,8 Superior Point,287-855-5095
886,Lib,Quadling,lquadlingol@tripadvisor.com,Female,Indonesia,Sukamanah,2 Blackbird Lane,691-532-2407
887,Maude,Mowday,mmowdayom@shareasale.com,Female,Brazil,Tubarão,32 Fallview Avenue,281-912-5800
888,Husain,Woolmington,hwoolmingtonon@virginia.edu,Male,Georgia,Kobuleti,12 Fisk Point,451-384-5515
889,Fons,Guiden,fguidenoo@yale.edu,Male,Nigeria,Neni,9 Heffernan Trail,687-561-8336
890,Judith,Payn,jpaynop@wisc.edu,Female,Indonesia,Ladoang,476 Monica Road,457-178-5368
891,Quincey,Merrgen,qmerrgenoq@patch.com,Male,Sweden,Uppsala,8627 Canary Point,686-206-9405
892,Colene,Clawsley,cclawsleyor@tinyurl.com,Female,Argentina,Carhué,4 Carey Alley,930-863-1951
893,Ernst,Vedeneev,evedeneevos@google.com.hk,Male,Kazakhstan,Belköl,685 Arrowood Road,988-608-5153
894,Rufus,Errowe,rerroweot@google.co.uk,Male,China,Longcheng,65829 Acker Trail,297-785-8041
895,Rana,Rao,rraoou@si.edu,Female,Russia,Trudovoye,1063 Quincy Road,139-702-0790
896,Bonnie,Leatt,bleattov@engadget.com,Female,Brazil,Arcoverde,3 Westend Trail,389-989-3341
897,Clerissa,Frearson,cfrearsonow@cmu.edu,Female,Indonesia,Dalo,716 Clyde Gallagher Court,783-280-8471
898,Cassi,Vasyaev,cvasyaevox@lycos.com,Female,Kazakhstan,Abay,9035 Fremont Place,596-296-0238
899,Skipper,Comben,scombenoy@smugmug.com,Male,China,Jiji,32 Pierstorff Circle,321-954-7282
900,Bruis,Sheldon,bsheldonoz@webnode.com,Male,Indonesia,Bukabu,86873 Novick Way,912-212-4725
901,Mayne,Mence,mmencep0@addtoany.com,Male,Sweden,Gävle,40 Orin Road,938-821-3127
902,Torrin,Eardley,teardleyp1@miitbeian.gov.cn,Male,France,Pessac,6879 Ohio Trail,734-316-0872
903,Hazel,Arne,harnep2@barnesandnoble.com,Male,Ireland,Dundrum,309 Sachs Junction,395-528-1023
904,Tandi,Coulthart,tcoulthartp3@ning.com,Female,Indonesia,Citampian,29 Meadow Valley Place,754-508-1148
905,Corene,Raulstone,craulstonep4@phoca.cz,Female,Lithuania,Kelmė,2 Mccormick Parkway,830-790-7406
906,Alexine,Mazdon,amazdonp5@instagram.com,Female,China,Jietou,7 Schiller Alley,307-355-2357
907,Ahmed,Fain,afainp6@hatena.ne.jp,Male,Sweden,Borås,9588 Sunbrook Pass,785-636-7733
908,Meghan,Bleasby,mbleasbyp7@fotki.com,Female,Russia,Asbest,99347 Arrowood Way,357-283-4104
909,Davin,Roycroft,droycroftp8@typepad.com,Male,Germany,Dresden,53338 Dottie Court,893-206-0458
910,Hakeem,Mousby,hmousbyp9@narod.ru,Male,Venezuela,Mene de Mauroa,50 Starling Crossing,801-982-0978
911,Marna,Montgomery,mmontgomerypa@spiegel.de,Female,Philippines,Tigbao,6959 Brickson Park Parkway,968-622-2110
912,Waylin,Hillam,whillampb@cafepress.com,Male,Madagascar,Betioky,8 Amoth Place,639-154-8046
913,Morris,Kupec,mkupecpc@360.cn,Male,China,Yingchengzi,0 Warner Crossing,725-846-6066
914,Elwira,Jeannard,ejeannardpd@amazon.co.jp,Female,Philippines,San Pedro,1 Green Ridge Drive,320-223-1921
915,Kennedy,Venable,kvenablepe@time.com,Male,Mexico,Benito Juarez,1 Truax Point,338-527-1082
916,Marylou,Placide,mplacidepf@accuweather.com,Female,Brazil,Amargosa,1637 Monica Park,646-644-6042
917,Corbet,Leadley,cleadleypg@discovery.com,Male,Philippines,Dapdapan,701 Eliot Plaza,841-582-8955
918,Crosby,Glanz,cglanzph@pbs.org,Male,France,Saint-Maixent-l'École,13 West Center,425-125-3564
919,Chrissy,Knewstubb,cknewstubbpi@lulu.com,Male,China,Hebi,70941 Express Point,321-936-4084
920,Kiri,Girhard,kgirhardpj@naver.com,Female,South Africa,Daniëlskuil,94 Merrick Crossing,446-396-5938
921,Orville,Chinnery,ochinnerypk@weather.com,Male,Uruguay,Tala,5 Loomis Court,601-139-6539
922,Englebert,Brann,ebrannpl@topsy.com,Male,Croatia,Novoselec,01370 Laurel Avenue,725-878-9462
923,Barbie,Philipard,bphilipardpm@dedecms.com,Female,Pakistan,Topi,712 Continental Hill,302-481-0583
924,Carolann,Geal,cgealpn@abc.net.au,Female,Brazil,Jaciara,281 Clarendon Crossing,498-386-7792
925,Leela,Gimson,lgimsonpo@qq.com,Female,Indonesia,Kalangsari,48412 Florence Drive,228-692-7311
926,Jefferson,Cammell,jcammellpp@facebook.com,Male,Colombia,Palmira,5 Oakridge Way,622-517-1485
927,Mandi,Grishagin,mgrishaginpq@house.gov,Female,Greece,Agía Varvára,00489 Portage Alley,999-794-9036
928,Conney,Messom,cmessompr@omniture.com,Male,China,Hengduo,3 Fuller Avenue,244-962-3288
929,Deb,Welbelove,dwelbeloveps@wired.com,Female,France,Voiron,4766 Thompson Terrace,517-587-5248
930,Cedric,Lalor,clalorpt@godaddy.com,Male,China,Yanghuxiang,6066 Continental Lane,352-878-5000
931,Elyssa,Corsham,ecorshampu@cargocollective.com,Female,United States,Cleveland,75 Duke Plaza,216-874-5513
932,Husain,Bloss,hblosspv@google.it,Male,France,Marseille,65 Graceland Alley,686-621-7812
933,Gaston,Antrim,gantrimpw@eventbrite.com,Male,Russia,Gus’-Khrustal’nyy,63 Jana Lane,676-108-9121
934,Sylvia,MacIver,smaciverpx@tinypic.com,Female,Indonesia,Gapluk,9 Old Gate Road,779-769-3456
935,Delmore,Sarsons,dsarsonspy@webs.com,Male,Philippines,Ondoy,2 Evergreen Point,935-665-5259
936,Jennifer,Bromage,jbromagepz@vinaora.com,Female,Venezuela,San Pablo,281 Maple Parkway,332-330-4582
937,Honoria,Milligan,hmilliganq0@xing.com,Female,China,Dongfeng,488 Northwestern Park,841-321-6959
938,Palm,Calveley,pcalveleyq1@ted.com,Male,Indonesia,Karanggeneng,3668 Miller Terrace,649-951-8666
939,Donni,Sedman,dsedmanq2@redcross.org,Female,Russia,Novoaleksandrovsk,60626 Roth Place,167-866-6906
940,Tobin,Seson,tsesonq3@spotify.com,Male,Russia,Novopokrovka,64 Golf Course Junction,463-416-2691
941,Parke,Devlin,pdevlinq4@ameblo.jp,Male,Philippines,San Isidro,45671 Pankratz Alley,894-118-9964
942,Fredra,Edghinn,fedghinnq5@tamu.edu,Female,Russia,Mel’nikovo,8187 Parkside Junction,501-867-2771
943,Mason,Draysay,mdraysayq6@sitemeter.com,Male,Ghana,Tarkwa,7 Nevada Junction,245-415-5354
944,Ivor,Greet,igreetq7@forbes.com,Male,Pakistan,Kallar Kahār,911 Graedel Center,412-959-6929
945,Natty,Skillanders,nskillandersq8@europa.eu,Male,Ukraine,Tysmenychany,8 Sachs Circle,707-744-4773
946,Ram,Shreeve,rshreeveq9@mayoclinic.com,Male,Russia,Korfovskiy,27990 Thompson Terrace,981-477-6991
947,Andrew,Haugen,ahaugenqa@utexas.edu,Male,Mexico,Guadalupe,14 Linden Center,350-419-6190
948,Astrix,Mertgen,amertgenqb@t-online.de,Female,United States,Las Vegas,4 Oriole Crossing,702-636-2798
949,Mead,Clears,mclearsqc@360.cn,Male,Philippines,Mangero,220 Shopko Circle,735-682-4791
950,Andonis,Montes,amontesqd@gnu.org,Male,China,Zhoutian,1995 Bartelt Circle,308-505-2850
951,George,Durbridge,gdurbridgeqe@time.com,Male,China,Dong’an,2196 Sage Way,895-136-9887
952,Athene,Zanelli,azanelliqf@xrea.com,Female,Iran,Shāhīn Dezh,15236 Cherokee Pass,533-327-1620
953,Edvard,Chapelhow,echapelhowqg@com.com,Male,Indonesia,Krajan Satu,2336 East Drive,561-248-4565
954,Tammi,Bentson,tbentsonqh@un.org,Female,Mongolia,Tsengel,54946 7th Court,763-296-8133
955,Sara,Narramore,snarramoreqi@amazon.com,Female,Palau,Koror,272 Hauk Lane,733-129-9929
956,Morrie,Phillcock,mphillcockqj@mail.ru,Male,Russia,Konyshevka,91276 Pine View Hill,843-684-8243
957,Burg,Heersma,bheersmaqk@biglobe.ne.jp,Male,Indonesia,Senggreng,88 Dahle Terrace,316-814-6547
958,Kimmy,Fields,kfieldsql@google.it,Female,Czech Republic,Milovice,013 Kinsman Terrace,661-925-4616
959,Gabe,Beilby,gbeilbyqm@pagesperso-orange.fr,Male,Colombia,La Unión,20146 Harper Crossing,567-702-8750
960,Teddie,Gilks,tgilksqn@sakura.ne.jp,Male,Indonesia,Krajan,1317 American Parkway,367-388-9840
961,Harbert,Aspling,hasplingqo@marketwatch.com,Male,Yemen,Madīnat Lab‘ūs,609 Lotheville Terrace,343-608-9221
962,Gerladina,Burnall,gburnallqp@cdbaby.com,Female,Japan,Furukawa,61 Katie Alley,763-599-0571
963,Urbano,Girvan,ugirvanqq@google.fr,Male,China,Shiban,9 Stang Court,965-374-5104
964,Leupold,Etchells,letchellsqr@ehow.com,Male,Sweden,Brämhult,6280 Havey Place,935-310-5385
965,Rosita,Bernardin,rbernardinqs@chronoengine.com,Female,Russia,Staropavlovskaya,2 Roxbury Street,838-550-9405
966,Horst,Jeannel,hjeannelqt@youtu.be,Male,China,Hekou,3 Mallory Parkway,524-784-3093
967,Jeth,Skerm,jskermqu@npr.org,Male,Argentina,Zapala,5025 1st Junction,186-633-2830
968,Lisetta,Gauld,lgauldqv@github.com,Female,Cuba,Alquízar,475 Messerschmidt Parkway,557-511-2952
969,Reggis,Nolder,rnolderqw@ycombinator.com,Male,Tajikistan,Bahorí,29 4th Hill,988-636-5778
970,Claudina,Keenor,ckeenorqx@prweb.com,Female,China,Changle,5 Bayside Road,483-665-8360
971,Harman,Loftin,hloftinqy@sitemeter.com,Male,Vietnam,Đắk Mâm,24235 Montana Court,631-161-4808
972,Colby,Huniwall,chuniwallqz@ycombinator.com,Male,China,Dingtao,8631 Thierer Crossing,205-160-2499
973,Ezra,Albon,ealbonr0@netvibes.com,Male,Portugal,Pereira,799 Schiller Street,132-341-2767
974,Lucilia,Gusticke,lgusticker1@washington.edu,Female,Russia,Kolomyagi,846 American Ash Point,378-293-9131
975,Lurette,Haughton,lhaughtonr2@creativecommons.org,Female,Pakistan,Kabīrwāla,8332 Parkside Crossing,308-458-3634
976,Hunter,Gotecliffe,hgotecliffer3@bigcartel.com,Male,Philippines,Igang,461 Eastlawn Junction,472-171-5450
977,Gill,Clingoe,gclingoer4@gizmodo.com,Male,Russia,Gramoteino,523 Schlimgen Parkway,159-742-0049
978,Humfried,Hassard,hhassardr5@msn.com,Male,China,Yanhe,37801 Mifflin Avenue,240-506-7172
979,Aldis,Beslier,abeslierr6@blogspot.com,Male,Brazil,Presidente Médici,5737 Katie Pass,999-435-0368
980,Iggy,Roscrigg,iroscriggr7@altervista.org,Male,United States,Oakland,4 Cardinal Road,650-634-5155
981,Garrott,Forestall,gforestallr8@china.com.cn,Male,Thailand,Wichian Buri,6961 Columbus Way,297-540-3700
982,Galven,Clilverd,gclilverdr9@sakura.ne.jp,Male,Mongolia,Tosontsengel,862 Washington Place,997-543-3372
983,Sibelle,Cressy,scressyra@washingtonpost.com,Female,Equatorial Guinea,Luba,4 Crowley Place,630-226-6813
984,Merrilee,Simonnet,msimonnetrb@mayoclinic.com,Female,Netherlands,Rosmalen,1106 Vernon Point,908-246-7469
985,Lawry,Starkey,lstarkeyrc@kickstarter.com,Male,France,Tarbes,4459 Boyd Road,844-121-4697
986,Prudy,Dudgeon,pdudgeonrd@sogou.com,Female,Indonesia,Taman,46044 Becker Way,788-339-5928
987,Lee,St. Quentin,lstquentinre@sina.com.cn,Male,Yemen,Rumāh,4 Texas Plaza,984-514-1406
988,Devonne,Redon,dredonrf@amazon.de,Female,Philippines,Sinisian,133 Debra Junction,500-517-9044
989,Sloan,de Copeman,sdecopemanrg@flickr.com,Male,China,Beicheng,68 Northport Hill,618-931-5604
990,Janetta,Shelf,jshelfrh@seattletimes.com,Female,Thailand,Trang,20 Dakota Drive,432-943-6390
991,Rosco,Crapper,rcrapperri@pen.io,Male,China,Huimin,2031 Linden Road,922-887-8436
992,Lynsey,O' Mara,lomararj@wp.com,Female,United States,Savannah,4123 Cardinal Terrace,478-542-0182
993,Annmaria,Pitkins,apitkinsrk@moonfruit.com,Female,Ivory Coast,Divo,3 Shasta Place,990-879-1439
994,Linc,Pyke,lpykerl@walmart.com,Male,Colombia,Riosucio,6 Northfield Way,954-500-6615
995,Boyd,Downe,bdownerm@yolasite.com,Male,Mongolia,Tsant,6797 Everett Drive,759-470-5546
996,Kip,Gummary,kgummaryrn@boston.com,Male,Philippines,Manaulanan,97 Fulton Lane,740-658-1573
997,Klement,Gilmartin,kgilmartinro@woothemes.com,Male,Philippines,Indulang,4442 Dakota Hill,170-968-5161
998,Sophie,Stapleton,sstapletonrp@bizjournals.com,Female,Indonesia,Burujul,91127 Bartillon Plaza,170-840-9656
999,Marika,Rapkins,mrapkinsrq@parallels.com,Female,China,Xuexi,0 Summit Way,675-693-4573
1000,Yule,Loughran,yloughranrr@ted.com,Male,Indonesia,Oelaba,02 Debs Court,888-871-9783
