ID,First_Name,Last_Name,Email,Gender,Country,City,Street,PhoneNumber
1,Humberto,Whitnall,hwhitnall0@fastcompany.com,Male,Ukraine,Shevchenkove,2215 Daystar Point,951-940-7480
2,Dante,Prentice,dprentice1@ow.ly,Male,China,Fuqiang,51447 Mendota Plaza,697-166-9901
3,Gardner,Vasiliev,gvasiliev2@diigo.com,Male,Philippines,San Fabian,17811 Division Way,872-105-5225
4,Malcolm,Dearle-Palser,mdearlepalser3@techcrunch.com,Male,Venezuela,Zaraza,6 Nelson Hill,326-744-5598
5,Friederike,Mathy,fmathy4@phpbb.com,Female,United States,Saint Louis,993 Kings Way,636-155-6360
6,Briney,Cowen,bcowen5@wikia.com,Female,Indonesia,Tambaksari,777 Del Sol Junction,476-472-0742
7,Nicol,Kleinzweig,nkleinzweig6@ycombinator.com,Male,Nigeria,Ogaminan,10 Jay Park,357-427-9138
8,Andreana,Knowlton,aknowlton7@mac.com,Female,Russia,Kokoshkino,8 Lotheville Junction,761-789-7847
9,Mahmoud,LaBastida,mlabastida8@bandcamp.com,Male,China,Zhangjiagang,53 Darwin Drive,147-960-9025
10,Diena,Inkin,dinkin9@nymag.com,Female,China,Yingtou,51622 3rd Lane,776-675-2087
11,Ingra,Timms,itimmsa@ucoz.com,Male,Brazil,Teófilo Otoni,6940 Sheridan Crossing,986-527-2355
12,Clarie,Davage,cdavageb@si.edu,Female,China,Donggong,3422 Kipling Terrace,225-994-6735
13,Elissa,Billson,ebillsonc@webs.com,Female,Palestinian Territory,Al Judayrah,6358 Shopko Avenue,233-102-0984
14,Laure,Lavrinov,llavrinovd@senate.gov,Female,Australia,Launceston,653 Alpine Plaza,544-492-4469
15,Beatrisa,Pancoast,bpancoaste@businessinsider.com,Female,Russia,Mikhaylovka,0005 Donald Crossing,501-261-1992
16,Lela,Rubin,lrubinf@china.com.cn,Female,Portugal,Pegões,012 Hooker Park,960-359-4979
17,Faber,Gerin,fgering@digg.com,Male,Indonesia,Juai,7905 Village Road,667-801-0220
18,Tobin,Tavener,ttavenerh@time.com,Male,Indonesia,Gunung Talang,78 Anniversary Point,374-796-4247
19,Brewster,Toffolo,btoffoloi@jigsy.com,Male,Indonesia,Cijeungjing Kaler,68678 Golf Plaza,927-178-9182
20,Artemas,Poytres,apoytresj@de.vu,Male,Indonesia,Cikandang,81 Glacier Hill Park,141-583-1136
21,Kermy,Jablonski,kjablonskik@epa.gov,Male,Nigeria,Uga,49 Annamark Trail,693-111-5451
22,Debor,Koppke,dkoppkel@bravesites.com,Female,China,Yuguan,532 Lyons Plaza,922-285-9498
23,Orsola,Wanderschek,owanderschekm@usda.gov,Female,Russia,Chirkey,97621 Rusk Way,136-250-9729
24,Cathlene,Cess,ccessn@mediafire.com,Female,United States,Fort Lauderdale,88 Corben Trail,754-358-0926
25,Chaim,Sessuns,csessunso@un.org,Male,Czech Republic,Zbraslav,2 Butternut Trail,760-339-6257
26,Toma,McCaffrey,tmccaffreyp@theguardian.com,Female,Russia,Kronshtadt,51 Granby Park,828-193-5644
27,Iolanthe,Dawtre,idawtreq@scribd.com,Female,China,Dartang,7838 Westend Pass,242-798-7451
28,Henryetta,Raiman,hraimanr@dion.ne.jp,Female,Philippines,Baliuag Nuevo,7 Old Gate Way,543-612-8432
29,Jarad,Sussams,jsussamss@com.com,Male,China,Duli,710 Clemons Terrace,415-177-0633
30,Mollee,Lown,mlownt@dell.com,Female,Indonesia,Dalam,49 Homewood Drive,209-455-5320
31,Terrel,Tomney,ttomneyu@people.com.cn,Male,Sweden,Nacka,773 Village Crossing,313-784-5859
32,Fredericka,Summersett,fsummersettv@geocities.com,Female,Sweden,Stockholm,9 Continental Trail,472-789-1756
33,Wyn,Ramshay,wramshayw@elpais.com,Male,Ukraine,Krasnotorka,0265 Roxbury Center,157-259-2828
34,Donella,Knowlys,dknowlysx@mit.edu,Female,China,Annan,1889 Bobwhite Plaza,119-674-4875
35,Lark,Bumphries,lbumphriesy@wunderground.com,Female,China,Pangu,89617 Gateway Lane,656-978-6932
36,Osmund,Smitten,osmittenz@dailymail.co.uk,Male,Luxembourg,Ell,723 Scofield Pass,294-345-6277
37,Kaleena,Pellingar,kpellingar10@oracle.com,Female,China,Baorixile,1 Annamark Alley,783-405-9377
38,Stafani,Pescott,spescott11@thetimes.co.uk,Female,Armenia,Artsvaberd,52 Derek Road,556-779-6397
39,Hana,Padrick,hpadrick12@mac.com,Female,China,Longgang,97 Scott Circle,595-407-4840
40,Pippo,Haggis,phaggis13@vistaprint.com,Male,Kazakhstan,Ülken,86 Tomscot Circle,330-134-5497
41,Wally,Wilmington,wwilmington14@goo.gl,Male,Colombia,Don Matías,352 Pierstorff Street,859-257-4119
42,Calv,Allsworth,callsworth15@nydailynews.com,Male,Benin,Bohicon,336 Harbort Avenue,733-137-6080
43,Lindsay,Newing,lnewing16@php.net,Male,Indonesia,Batuidu,5 Maryland Center,919-822-3289
44,Clotilda,Doblin,cdoblin17@cloudflare.com,Female,Canada,Ladysmith,6 Rockefeller Hill,190-518-1015
45,Abbe,Wyvill,awyvill18@wufoo.com,Male,Poland,Lubochnia,399 Burning Wood Parkway,558-961-7794
46,Sheela,Pendergrast,spendergrast19@reddit.com,Female,Indonesia,Banjar Buahan,705 Columbus Circle,306-584-4343
47,Mimi,Matevosian,mmatevosian1a@fda.gov,Female,Hungary,Debrecen,32 Lyons Lane,900-790-7280
48,Ruby,Deare,rdeare1b@va.gov,Male,Armenia,Kamaris,3 Morrow Lane,372-146-0218
49,Patrizio,Abrahamovitz,pabrahamovitz1c@moonfruit.com,Male,Iran,Bandar-e Māhshahr,8275 New Castle Court,706-439-5932
50,Josy,Belton,jbelton1d@flickr.com,Female,Montenegro,Podgorica,87705 Village Lane,680-381-6426
51,Arman,Cavil,acavil1e@nhs.uk,Male,France,Marseille,07 Scofield Park,153-778-7947
52,Simmonds,Turmall,sturmall1f@thetimes.co.uk,Male,Colombia,Guachetá,530 Morrow Center,107-355-9704
53,Ada,Yurchishin,ayurchishin1g@pcworld.com,Female,Philippines,Cawayan,218 7th Park,513-179-4820
54,Renato,Rabbage,rrabbage1h@arstechnica.com,Male,China,Xingfeng,7158 Myrtle Road,861-128-7011
55,Brendin,Dunstone,bdunstone1i@arizona.edu,Male,Ukraine,Novoukrayinka,26919 Village Green Court,713-777-1718
56,Onofredo,Haistwell,ohaistwell1j@myspace.com,Male,United States,Van Nuys,0154 Kings Plaza,213-726-7981
57,Hilliard,Root,hroot1k@cnet.com,Male,Panama,Chame,2565 Menomonie Road,787-945-3476
58,Isahella,Scoble,iscoble1l@blogtalkradio.com,Female,Mexico,Emiliano Zapata,59717 Rieder Parkway,685-288-2521
59,Myranda,Folshom,mfolshom1m@sohu.com,Female,China,Caijiazha,8 Riverside Park,510-970-1730
60,Edna,Spenclay,espenclay1n@bluehost.com,Female,Indonesia,Paobulan,43467 Hoard Parkway,382-507-3449
61,Mariel,Febvre,mfebvre1o@globo.com,Female,Myanmar,Chauk,07931 Oxford Drive,834-226-7355
62,Weidar,Whiskin,wwhiskin1p@boston.com,Male,China,Jishui,58583 Carioca Street,388-545-9466
63,Virginia,Tatford,vtatford1q@reference.com,Female,Mexico,Los Pinos,7847 Arizona Circle,927-778-3137
64,Inessa,Antic,iantic1r@cdc.gov,Female,Italy,Ancona,733 Lawn Court,116-452-1708
65,Lawrence,d' Eye,ldeye1s@arizona.edu,Male,South Korea,Tongjin,6033 Sutteridge Junction,424-966-2341
66,Gennifer,Outram,goutram1t@jugem.jp,Female,Greece,Kavásilas,2 Meadow Ridge Crossing,988-716-6248
67,Nappie,Scorey,nscorey1u@tripadvisor.com,Male,Libya,Giado,2 Sutteridge Way,510-615-8869
68,Carlo,Stummeyer,cstummeyer1v@symantec.com,Male,Republic of the Congo,Kinkala,5178 Stang Crossing,254-721-6820
69,Iain,Sysland,isysland1w@cbc.ca,Male,Brazil,São Sebastião do Caí,81 Village Green Avenue,585-326-0229
70,Kamila,Piell,kpiell1x@gizmodo.com,Female,Finland,Vihti,07 Northwestern Trail,596-307-7081
71,Kahaleel,Hayhurst,khayhurst1y@hud.gov,Male,Nigeria,Tambawel,62 Del Sol Trail,547-207-5372
72,Dewey,Atherton,datherton1z@skyrock.com,Male,South Africa,Pongola,06741 Roxbury Way,931-942-7174
73,Tatum,MacDermid,tmacdermid20@reverbnation.com,Female,Benin,Cotonou,815 Warner Parkway,694-921-5501
74,Lorant,Baggaley,lbaggaley21@w3.org,Male,China,Dalun,8 Westport Avenue,427-708-9624
75,Talbert,Cheake,tcheake22@unblog.fr,Male,Brazil,Casimiro de Abreu,6 Truax Parkway,567-238-7559
76,Jo ann,Chaplyn,jchaplyn23@time.com,Female,China,Yebaishou,90 Delaware Drive,300-187-2564
77,Aile,Guerra,aguerra24@nps.gov,Female,Vietnam,K Bang,238 Sheridan Parkway,866-198-5835
78,Berna,Stare,bstare25@networksolutions.com,Female,China,Lengji,9 Ridgeview Junction,952-519-0857
79,Gery,Lott,glott26@ow.ly,Male,China,Shuiyang,1 6th Place,267-726-3530
80,Sephira,Laxtonne,slaxtonne27@unesco.org,Female,China,Shicang,517 Corben Circle,399-289-7247
81,Gwenora,Gerrad,ggerrad28@tinypic.com,Female,Indonesia,Werangere,08890 Wayridge Hill,417-660-3832
82,Ernestus,Plumbridge,eplumbridge29@domainmarket.com,Male,Japan,Yao,4 Butterfield Circle,650-648-8485
83,Damian,Fiddy,dfiddy2a@toplist.cz,Male,France,Bastia,0994 Shoshone Court,249-363-1637
84,Dani,Boydle,dboydle2b@nba.com,Female,United States,Springfield,3 Graedel Center,413-342-5604
85,Durant,Groveham,dgroveham2c@nydailynews.com,Male,Russia,Petropavlovskaya,25 Northland Plaza,818-342-4895
86,Ursulina,Hayter,uhayter2d@moonfruit.com,Female,China,Binhe,52250 Everett Parkway,604-280-5954
87,Lawry,Keynes,lkeynes2e@reference.com,Male,China,Xiaoweizhai,8919 Evergreen Place,909-557-7687
88,Alistair,Plaunch,aplaunch2f@go.com,Male,Indonesia,Sedayulawas,2654 Holmberg Trail,573-385-9563
89,Christy,Grenshields,cgrenshields2g@friendfeed.com,Male,Canada,Rocky Mountain House,71835 Village Drive,711-417-1011
90,Mavis,Laffin,mlaffin2h@cam.ac.uk,Female,Indonesia,Sonder,33568 David Drive,166-201-1241
91,Jared,Blakeley,jblakeley2i@desdev.cn,Male,China,Duanjia,9 Schmedeman Park,953-206-5302
92,Allina,Abramovic,aabramovic2j@shop-pro.jp,Female,Ukraine,Dnipryany,262 Ohio Court,920-223-3318
93,Vilma,Witcher,vwitcher2k@sohu.com,Female,Burkina Faso,Nouna,92 Delladonna Junction,648-481-3701
94,Madlin,Simoneton,msimoneton2l@fc2.com,Female,Kazakhstan,Saryshaghan,3917 Hazelcrest Junction,586-217-6201
95,Deeanne,De Bischof,ddebischof2m@springer.com,Female,Thailand,Mukdahan,39149 Oak Valley Junction,746-220-3335
96,Lillian,Foan,lfoan2n@woothemes.com,Female,Chad,Benoy,0 Bartillon Road,485-750-9777
97,Annabella,Skirling,askirling2o@mozilla.com,Female,France,Guebwiller,502 Golf Pass,792-949-7330
98,Murvyn,Dudding,mdudding2p@scribd.com,Male,Hungary,Pápa,67504 Bluejay Way,264-938-7333
99,Travus,Scardefield,tscardefield2q@desdev.cn,Male,China,Fudian,35 Menomonie Plaza,170-351-2081
100,Jerrold,McPartling,jmcpartling2r@163.com,Male,Russia,Pesochnoye,1470 Bluejay Pass,568-254-8733
101,Darla,Folbigg,dfolbigg2s@wordpress.org,Female,Mongolia,Tsenher,821 Lerdahl Alley,855-860-5804
102,Phillie,Karlolak,pkarlolak2t@pcworld.com,Female,Yemen,Ḩajjah,45004 Lyons Way,403-323-1105
103,Sanderson,Braghini,sbraghini2u@cbsnews.com,Male,Belarus,Narowlya,0 Oak Circle,527-281-9600
104,Daniela,Jenckes,djenckes2v@google.nl,Female,China,Xinming,191 Dryden Drive,297-970-6325
105,Wit,Hayen,whayen2w@linkedin.com,Male,Ukraine,Chernelytsya,7676 Stephen Junction,525-380-5522
106,Prentice,Mackney,pmackney2x@ebay.com,Male,Afghanistan,Dāngām,230 Karstens Lane,923-772-1439
107,Fonsie,Simonian,fsimonian2y@hhs.gov,Male,Lithuania,Rokiškis,8 Sloan Lane,325-381-6873
108,Ernaline,Bartelet,ebartelet2z@jiathis.com,Female,Ecuador,Ventanas,935 Raven Trail,879-750-1323
109,Correy,Ioselev,cioselev30@seattletimes.com,Male,Japan,Mito-shi,4 Superior Plaza,546-162-4881
110,Bobine,Sephton,bsephton31@list-manage.com,Female,Indonesia,Lengkong,384 Golden Leaf Way,537-610-1880
111,Archer,Tawton,atawton32@usda.gov,Male,China,Jixing,77267 Northwestern Crossing,120-519-1839
112,Lenci,Rate,lrate33@arstechnica.com,Male,Thailand,Ban Talat Bueng,6140 Esch Hill,829-518-6809
113,Lise,Woodruffe,lwoodruffe34@deviantart.com,Female,Colombia,Acandí,574 Chive Avenue,748-167-6729
114,Gary,Sallnow,gsallnow35@accuweather.com,Male,Vietnam,Ea Drăng,79099 Darwin Street,496-274-2451
115,Berky,Radbone,bradbone36@apache.org,Male,Sweden,Finspång,51 Superior Parkway,130-715-6951
116,Yvette,Parnaby,yparnaby37@gnu.org,Female,Cuba,Morón,571 Mockingbird Hill,189-719-6341
117,Mona,Heald,mheald38@shareasale.com,Female,China,Baohe,16 Doe Crossing Crossing,371-549-2787
118,Ransom,Wellstead,rwellstead39@newsvine.com,Male,Indonesia,Tumu,52717 Tony Circle,494-439-9220
119,Sela,MacGeffen,smacgeffen3a@foxnews.com,Female,China,Lijiapu,4904 Dixon Court,480-689-7536
120,Emelia,Lerego,elerego3b@hugedomains.com,Female,China,Changning,2 Fisk Place,769-418-2292
121,Kristina,Kirk,kkirk3c@discovery.com,Female,Niger,Ayorou,90 Fair Oaks Pass,597-715-6575
122,Elysia,Ferryn,eferryn3d@wikipedia.org,Female,Slovenia,Tišina,792 Bunker Hill Place,707-913-6035
123,Ramsay,Bransby,rbransby3e@answers.com,Male,Venezuela,Santa Cruz de Guacas,400 Coolidge Street,773-745-1548
124,Jacklyn,Colten,jcolten3f@usnews.com,Female,Russia,Korkino,2 Talmadge Plaza,641-711-5560
125,Ingmar,Nisard,inisard3g@pagesperso-orange.fr,Male,Indonesia,Sebulu,703 Kipling Hill,936-348-4374
126,Dulcie,Desbrow,ddesbrow3h@wsj.com,Female,China,Zengtian,3 Sommers Circle,616-198-7454
127,Mireielle,Dorsett,mdorsett3i@independent.co.uk,Female,Brazil,Jatobá,928 Packers Parkway,684-644-0225
128,Ryley,Van De Cappelle,rvandecappelle3j@netscape.com,Male,Philippines,Mansilingan,59 American Court,345-231-1571
129,Rance,Dudlestone,rdudlestone3k@privacy.gov.au,Male,Russia,Puksoozero,70 Shasta Parkway,978-299-1784
130,Faye,Wenman,fwenman3l@fastcompany.com,Female,China,Liangyaping,0780 Sutherland Drive,731-473-8165
131,Viola,Coggin,vcoggin3m@macromedia.com,Female,Cyprus,Yeri,7155 Farmco Way,652-664-8115
132,Pietrek,Haskins,phaskins3n@1688.com,Male,Azerbaijan,Qusar,2117 Walton Court,131-747-0675
133,Piggy,Smiths,psmiths3o@cnet.com,Male,Honduras,Travesía,03 Arizona Point,735-150-8280
134,Liv,Heditch,lheditch3p@smugmug.com,Female,Finland,Valkeakoski,13 Carey Drive,693-318-3562
135,Tiebout,Manna,tmanna3q@theguardian.com,Male,United States,Miami,294 Arkansas Hill,954-100-2648
136,Selene,Munt,smunt3r@mediafire.com,Female,Indonesia,Waru,60 Delladonna Park,938-270-5586
137,Lucias,Turnor,lturnor3s@craigslist.org,Male,Philippines,Castañas,34 Evergreen Hill,675-789-5197
138,Richart,Dumbelton,rdumbelton3t@umich.edu,Male,Peru,El Carmen,9 Di Loreto Pass,416-211-8327
139,Park,Skates,pskates3u@webs.com,Male,Russia,Tëplaya Gora,517 Mariners Cove Plaza,273-378-9807
140,Gilligan,Aldersea,galdersea3v@unc.edu,Female,Indonesia,Tambakrejo,6 Pine View Avenue,597-604-3428
141,Bert,Denyakin,bdenyakin3w@state.gov,Female,Philippines,Navotas,4380 Di Loreto Parkway,256-150-0889
142,Isak,Tweedle,itweedle3x@symantec.com,Male,Brazil,Serra Talhada,7450 Gerald Drive,129-275-6840
143,Salim,Adanet,sadanet3y@loc.gov,Male,Philippines,Ualog,4938 Eagle Crest Lane,890-555-3207
144,Elysee,Gullan,egullan3z@nsw.gov.au,Female,Philippines,Sinisian,22 Almo Point,852-472-2602
145,Debor,Yuryev,dyuryev40@examiner.com,Female,Indonesia,Pulosari,1 Hovde Street,281-532-3593
146,Carlotta,Guesford,cguesford41@un.org,Female,Czech Republic,Kobylí,1137 Butterfield Pass,532-542-5055
147,Aurilia,Pheasant,apheasant42@skype.com,Female,Brazil,Campo Verde,339 Erie Place,270-343-9910
148,Petra,Boichat,pboichat43@upenn.edu,Female,Tunisia,Kairouan,7 Tomscot Point,802-720-0099
149,Michail,Flaunders,mflaunders44@eepurl.com,Male,Bulgaria,Gorna Oryakhovitsa,3761 Havey Road,964-693-7917
150,Dexter,Gare,dgare45@upenn.edu,Male,Indonesia,Karanganyar,6059 Grasskamp Alley,259-355-9595
151,Hobard,Yushkin,hyushkin46@google.com,Male,Argentina,Neuquén,57 Gale Terrace,142-503-4853
152,Kelsey,Courtliff,kcourtliff47@jimdo.com,Male,Ethiopia,Tulu Bolo,1 Barby Drive,572-330-8493
153,Cornelle,Vanelli,cvanelli48@livejournal.com,Female,Croatia,Vinica,0938 Lillian Circle,720-194-4345
154,Lurleen,Minico,lminico49@census.gov,Female,China,Xieshui,3 Tennessee Junction,422-491-4482
155,Frankie,Teml,fteml4a@lycos.com,Female,Portugal,Óbidos,270 Mayer Center,144-286-8561
156,Alis,Salvadori,asalvadori4b@woothemes.com,Female,Poland,Jasienica Rosielna,6 Marquette Parkway,504-202-2946
157,Angelica,Pert,apert4c@cam.ac.uk,Female,Indonesia,Jalinan,56367 Meadow Valley Park,550-264-8855
158,Euell,Pyecroft,epyecroft4d@pinterest.com,Male,Indonesia,Bojongsari,42739 Elmside Way,550-453-0282
159,Maisey,Menel,mmenel4e@dailymail.co.uk,Female,China,Sanchahe,3 East Court,708-241-9530
160,Sol,Tremlett,stremlett4f@squidoo.com,Male,Indonesia,Sembalunbumbung,1512 Erie Court,744-832-8372
161,Ursulina,Ansty,uansty4g@mit.edu,Female,Indonesia,Halimaung Jaya (F-3),05695 Brentwood Court,747-234-5337
162,Dulcine,Juliano,djuliano4h@icio.us,Female,Argentina,Lincoln,2266 New Castle Plaza,406-296-6615
163,Gabie,Ellin,gellin4i@twitter.com,Female,France,Metz,08 Welch Place,101-488-1721
164,Broddie,Kinnach,bkinnach4j@hhs.gov,Male,Indonesia,Jugantang,566 Coolidge Lane,633-881-0644
165,Bartholomeo,Gludor,bgludor4k@yellowpages.com,Male,Thailand,Non Sang,3825 Thierer Drive,775-469-9474
166,Thedric,Florez,tflorez4l@accuweather.com,Male,Ukraine,Zolochiv,9 Manufacturers Way,203-586-2052
167,Netti,Collinette,ncollinette4m@fotki.com,Female,China,Gonghe,703 Summer Ridge Circle,175-674-8843
168,Micky,Blaydon,mblaydon4n@bbb.org,Female,Brazil,Rio Pardo,3 Walton Avenue,297-747-3326
169,Esther,Dalmon,edalmon4o@fastcompany.com,Female,China,Gaoping,341 Straubel Center,998-417-7763
170,Lester,Hudspith,lhudspith4p@biglobe.ne.jp,Male,Russia,Ufa,62411 Dovetail Park,238-960-5562
171,Berrie,Earie,bearie4q@biblegateway.com,Female,Mozambique,Manjacaze,0567 Derek Lane,954-139-4905
172,Leonardo,Mullett,lmullett4r@google.com.hk,Male,Indonesia,Buluh Kasap,0 Schlimgen Circle,112-901-2002
173,Marlie,Berg,mberg4s@bloglines.com,Female,Albania,Gjinkar,755 Di Loreto Road,370-600-1863
174,Althea,Bignell,abignell4t@shutterfly.com,Female,Indonesia,Bengras,6999 Beilfuss Center,454-150-4483
175,Ambros,Fernihough,afernihough4u@wordpress.org,Male,Indonesia,Balai,2690 Di Loreto Parkway,599-329-9316
176,Valencia,Lumb,vlumb4v@huffingtonpost.com,Female,Chad,Bol,070 Holmberg Parkway,863-590-5041
177,Marys,Staite,mstaite4w@jiathis.com,Female,Russia,Serebryanyye Prudy,95 Logan Place,594-529-3935
178,Willard,Spraggon,wspraggon4x@yandex.ru,Male,Czech Republic,Ledenice,67 Anthes Trail,880-336-5140
179,Hank,Velti,hvelti4y@studiopress.com,Male,Armenia,Hrazdan,186 Emmet Court,608-590-7472
180,Dora,Boughen,dboughen4z@soup.io,Female,Poland,Nidek,76 Tennessee Crossing,244-704-4492
181,Elsi,Dimitrijevic,edimitrijevic50@elegantthemes.com,Female,China,Xinjian,29384 Acker Center,496-890-7930
182,Devina,Oxbury,doxbury51@acquirethisname.com,Female,Azerbaijan,Ağdaş,4 Maryland Way,512-632-6651
183,Archibaldo,Tschirasche,atschirasche52@forbes.com,Male,Brazil,Areia Branca,18227 Monterey Center,373-637-0077
184,Roseline,Etchell,retchell53@opensource.org,Female,Finland,Uusikaupunki,9906 Fremont Park,536-573-3623
185,Anallise,Myrkus,amyrkus54@rambler.ru,Female,Thailand,Si Mahosot,71 Boyd Avenue,874-232-2258
186,Eddie,Duguid,eduguid55@printfriendly.com,Male,Ukraine,Vorzel’,78 Maryland Alley,988-417-0537
187,Merline,Pashbee,mpashbee56@java.com,Female,Czech Republic,Velké Bílovice,35578 Lunder Road,628-584-5109
188,Susi,Gripton,sgripton57@wordpress.org,Female,Russia,Novaya Mayna,08 Stang Plaza,857-810-7586
189,Vanya,Starte,vstarte58@zimbio.com,Female,China,Yuping,23313 Burning Wood Drive,831-166-4349
190,Peyter,Biernat,pbiernat59@va.gov,Male,Russia,Mendeleyevskiy,161 Kipling Court,523-886-5837
191,Oran,Ashwin,oashwin5a@squidoo.com,Male,Yemen,Al Maḩfid,01626 Steensland Hill,283-462-0618
192,Joli,Maycey,jmaycey5b@mapquest.com,Female,Tanzania,Ushirombo,544 Kings Plaza,467-519-2492
193,Lexie,Ketch,lketch5c@last.fm,Female,Sweden,Göteborg,86094 Mifflin Pass,148-441-9613
194,Nani,Hoggin,nhoggin5d@cnn.com,Female,Sweden,Täby,2 Kinsman Plaza,731-405-8149
195,Margette,Josovich,mjosovich5e@arizona.edu,Female,Indonesia,Warungsugan,2543 Springview Lane,659-683-4542
196,Carita,Downse,cdownse5f@wikia.com,Female,Zambia,Chama,43475 Bonner Pass,894-628-5501
197,Kimberly,Esche,kesche5g@utexas.edu,Female,Indonesia,Wonopringgo,76838 Maryland Terrace,816-787-0437
198,Ava,Brownscombe,abrownscombe5h@e-recht24.de,Female,China,Shiniu,737 Comanche Trail,539-405-8054
199,Farleigh,Mortlock,fmortlock5i@bloglines.com,Male,Bulgaria,Dupnitsa,627 Sutherland Crossing,102-850-6362
200,Christie,Ingreda,cingreda5j@cdbaby.com,Female,Cuba,San José de las Lajas,64 Anhalt Parkway,113-125-2898
201,Lea,Harragin,lharragin5k@smugmug.com,Female,China,A’ershan,10174 Sunnyside Pass,802-375-2922
202,Patsy,Bool,pbool5l@engadget.com,Female,Indonesia,Bantarmangu,3646 Farragut Pass,241-190-1319
203,Lottie,Pouck,lpouck5m@icio.us,Female,Russia,Nizhniye Achaluki,15020 Bluejay Street,937-373-2490
204,Davey,Ibberson,dibberson5n@yahoo.co.jp,Male,Kyrgyzstan,Pokrovka,947 Norway Maple Terrace,519-781-8616
205,Papageno,Pumphreys,ppumphreys5o@canalblog.com,Male,China,Yixin,6873 Spaight Park,685-860-2409
206,Dionisio,Gundrey,dgundrey5p@businessinsider.com,Male,China,Baojia,67 8th Hill,349-592-0490
207,Audra,Gay,agay5q@cyberchimps.com,Female,Sweden,Hässleholm,2670 Chinook Place,685-316-0020
208,Jennica,Farry,jfarry5r@abc.net.au,Female,Nigeria,Bauchi,93 Fordem Park,441-859-2892
209,Darrel,Treasure,dtreasure5s@linkedin.com,Male,Russia,Rodnikovskaya,58 Pierstorff Point,766-811-4056
210,Brunhilde,Watkiss,bwatkiss5t@yellowpages.com,Female,China,Qianshan,62543 Anniversary Street,358-666-7972
211,Loren,Altham,laltham5u@blogger.com,Male,France,Agen,2 Nancy Parkway,735-631-5048
212,Sharity,McGibbon,smcgibbon5v@nytimes.com,Female,Poland,Zwierzyń,5 Raven Parkway,763-116-6291
213,Claribel,Buckles,cbuckles5w@earthlink.net,Female,France,Paris 13,394 Northland Circle,527-409-3989
214,Annette,McCarry,amccarry5x@ucoz.com,Female,China,Biguo,4359 Pleasure Pass,442-163-4470
215,Ram,Benne,rbenne5y@usgs.gov,Male,Russia,Solnechnyy,6812 Waubesa Junction,358-689-2900
216,Quinta,Vanyutin,qvanyutin5z@slate.com,Female,Russia,Mugi,202 Texas Avenue,208-678-1204
217,Frederico,Chinnick,fchinnick60@amazon.de,Male,Japan,Kainan,69 Dawn Parkway,736-433-6645
218,Freddie,Pegram,fpegram61@shop-pro.jp,Female,United States,Kansas City,5 Almo Hill,816-232-7946
219,Joel,Wickling,jwickling62@artisteer.com,Male,China,Xiyang,0875 Caliangt Junction,198-649-3409
220,Lanny,Paladino,lpaladino63@facebook.com,Male,Czech Republic,Žandov,2739 Glendale Lane,925-150-0797
221,Vick,Goane,vgoane64@a8.net,Male,China,Chaiwan,4433 Artisan Terrace,449-847-8052
222,Stanleigh,Pettisall,spettisall65@lycos.com,Male,China,Mi’ersi,385 Lukken Circle,756-644-9952
223,Zed,Delacourt,zdelacourt66@list-manage.com,Male,Philippines,Tanudan,84 Buell Place,252-723-3774
224,Granny,Calbrathe,gcalbrathe67@oakley.com,Male,Panama,La Mesa,4410 Coolidge Pass,159-414-8049
225,Hamil,Ledram,hledram68@oakley.com,Male,China,Bazi,8 Tennyson Road,895-747-0248
226,Garrik,Schultz,gschultz69@rakuten.co.jp,Male,Ethiopia,Āsasa,6896 Straubel Parkway,486-285-7970
227,Willamina,Hutfield,whutfield6a@tumblr.com,Female,Mozambique,Beira,44503 Cottonwood Trail,603-170-4105
228,Kale,Littlewood,klittlewood6b@myspace.com,Male,United States,Lansing,8 Fulton Plaza,517-227-0393
229,Ronnie,Mc-Kerley,rmckerley6c@odnoklassniki.ru,Male,Laos,Không,60 Tomscot Court,729-879-9904
230,Tab,Bomfield,tbomfield6d@cnet.com,Male,Gabon,Ntoum,2 Anhalt Circle,132-533-3691
231,Lindsay,Lockhart,llockhart6e@fda.gov,Female,Russia,Dobryanka,90240 Pearson Street,214-187-5062
232,Floyd,Pockey,fpockey6f@craigslist.org,Male,Sweden,Skillingaryd,63 Di Loreto Pass,476-200-5807
233,Stavro,Gundry,sgundry6g@imgur.com,Male,France,Paris 16,7413 Marcy Way,873-799-8810
234,Ive,Totton,itotton6h@bluehost.com,Male,Canada,Morinville,22588 Welch Circle,256-651-1025
235,Robby,Edgworth,redgworth6i@tuttocitta.it,Male,Japan,Tanabe,0516 Luster Center,534-783-7631
236,Birgit,Revening,brevening6j@51.la,Female,Philippines,Gammad,39979 Cherokee Crossing,596-811-9470
237,Vittorio,McCauley,vmccauley6k@ustream.tv,Male,Philippines,Vigo,98290 Lukken Court,863-293-9531
238,Rourke,Castanone,rcastanone6l@house.gov,Male,Colombia,Anserma,04 Cardinal Court,233-984-5672
239,Jorrie,Boutton,jboutton6m@fc2.com,Female,Poland,Kluczbork,107 Charing Cross Drive,868-375-6641
240,Demetri,Arnaldo,darnaldo6n@last.fm,Male,Serbia,Kruševac,5965 Hazelcrest Way,253-681-3418
241,Una,Westnage,uwestnage6o@ycombinator.com,Female,Pakistan,Lāliān,5764 Sauthoff Court,470-359-3416
242,Joelly,Joist,jjoist6p@exblog.jp,Female,Czech Republic,Mirotice,35504 Kennedy Avenue,329-189-6304
243,Dacey,Serrell,dserrell6q@mashable.com,Female,China,Yidian,6415 Kropf Plaza,416-502-3426
244,Roman,Britee,rbritee6r@narod.ru,Male,Ukraine,Kozel’shchyna,6 Green Plaza,730-553-8074
245,Kerr,Benezeit,kbenezeit6s@homestead.com,Male,Portugal,Esposende,42322 Meadow Valley Hill,886-283-3655
246,Guillema,Sexcey,gsexcey6t@wikia.com,Female,France,Lavaur,551 Mallard Alley,512-769-1473
247,Eldridge,Aujean,eaujean6u@japanpost.jp,Male,Philippines,Surup,71048 Ruskin Pass,210-100-2818
248,Tiena,Metzel,tmetzel6v@blogs.com,Female,China,Wuluo,43 Waxwing Alley,267-199-2668
249,Cher,Rowett,crowett6w@adobe.com,Female,Philippines,Talacogon,71252 David Alley,838-476-4417
250,Melisande,Pepperrall,mpepperrall6x@imdb.com,Female,Russia,Novaya Usman’,22270 Crownhardt Court,622-953-6652
251,Ber,Haselwood,bhaselwood6y@hugedomains.com,Male,France,Paris 13,5332 Grayhawk Point,322-659-4894
252,Katee,Tippin,ktippin6z@craigslist.org,Female,Dominican Republic,Ciudad Nueva,3 John Wall Hill,635-574-1675
253,Cornall,Gilliard,cgilliard70@engadget.com,Male,Poland,Kleszczów,5375 Dwight Road,938-117-4942
254,Nester,Wolton,nwolton71@forbes.com,Male,Sierra Leone,Masingbi,5336 Swallow Street,506-504-2430
255,Elwyn,Korbmaker,ekorbmaker72@wikia.com,Male,China,Songzhuang,99 Ridge Oak Plaza,718-613-5229
256,Rubetta,Sinderson,rsinderson73@bbc.co.uk,Female,Germany,Berlin,015 Express Park,959-915-8449
257,Fraser,Eyeington,feyeington74@issuu.com,Male,Indonesia,Gumawang,12466 Mccormick Crossing,168-993-9979
258,Garvy,McPike,gmcpike75@columbia.edu,Male,South Korea,Gyeongsan-si,6940 Emmet Lane,714-470-0614
259,Susannah,Petrusch,spetrusch76@lycos.com,Female,Indonesia,Pondokwungu,08651 Dovetail Street,333-129-5940
260,Ab,Spinney,aspinney77@vimeo.com,Male,Japan,Ōtsu-shi,0 Fair Oaks Center,846-264-2322
261,Berry,Rau,brau78@statcounter.com,Female,France,Guilherand-Granges,904 Mariners Cove Road,363-730-0042
262,Rosina,Fort,rfort79@yellowbook.com,Female,Zambia,Senanga,5 Vermont Road,101-485-6615
263,Ynes,Vurley,yvurley7a@ovh.net,Female,Poland,Smętowo Graniczne,8594 Meadow Vale Drive,549-237-7637
264,Crawford,Maseres,cmaseres7b@wordpress.com,Male,Russia,Pridonskoy,8 Sage Trail,879-185-3443
265,Molli,Beccera,mbeccera7c@github.io,Female,Indonesia,Samir,47585 Crownhardt Plaza,298-575-0735
266,Dara,Senton,dsenton7d@ocn.ne.jp,Female,Brazil,Riachão das Neves,3130 Caliangt Hill,542-518-7005
267,Stanford,Barfitt,sbarfitt7e@google.ca,Male,Thailand,Hang Dong,9 Kensington Alley,966-598-8894
268,Bar,Bartali,bbartali7f@tuttocitta.it,Male,Peru,Huasahuasi,72 Corben Parkway,357-502-8355
269,Durante,Balharrie,dbalharrie7g@harvard.edu,Male,Russia,Listvyanskiy,1740 Macpherson Terrace,361-494-3853
270,Katheryn,Seiller,kseiller7h@hostgator.com,Female,France,Berck,6 Butternut Circle,795-709-8429
271,Base,Fevers,bfevers7i@51.la,Male,Ukraine,Kacha,25 Amoth Way,258-106-5744
272,Lita,Marwood,lmarwood7j@goo.gl,Female,Poland,Kołczygłowy,79 Northview Point,370-652-8517
273,Johnathon,Amori,jamori7k@google.com.au,Male,Brazil,Atalaia,22227 Novick Circle,272-117-0864
274,Corrine,Fermer,cfermer7l@cloudflare.com,Female,Indonesia,Banjar Batuaji Kaja,63796 Shoshone Pass,603-896-5426
275,Andrea,Viveash,aviveash7m@typepad.com,Female,Portugal,Cortiçóis,63 Redwing Parkway,370-617-9874
276,Howard,Poate,hpoate7n@ustream.tv,Male,Brazil,Cupira,369 Karstens Point,633-949-7708
277,Yettie,Fetherston,yfetherston7o@moonfruit.com,Female,Albania,Arras,4483 Macpherson Center,331-106-1640
278,Sim,Bustard,sbustard7p@rambler.ru,Male,Canada,Nackawic,83864 Emmet Court,292-951-2607
279,Annnora,Wrigley,awrigley7q@gov.uk,Female,China,Xiaochi,6 Harper Hill,993-571-0265
280,Ilise,Lammerich,ilammerich7r@behance.net,Female,Brazil,Cabreúva,137 Brentwood Crossing,582-442-5866
281,Dulci,Hackin,dhackin7s@cbc.ca,Female,China,Xingfu,45975 Melby Point,492-635-7514
282,Giustina,Jenne,gjenne7t@github.io,Female,Canada,Killam,076 Arrowood Hill,775-490-8119
283,Rossie,Lamba,rlamba7u@imgur.com,Male,Netherlands,Geldrop,813 Esch Avenue,476-892-6544
284,Aldous,Jurek,ajurek7v@ted.com,Male,Philippines,Pananaw,54 Jenna Junction,675-190-2503
285,Charisse,Duguid,cduguid7w@livejournal.com,Female,Croatia,Sigetec,06543 Roxbury Hill,221-385-8019
286,Claire,Robardet,crobardet7x@illinois.edu,Male,Indonesia,Khairiahmandah,673 Heath Street,995-223-1532
287,Marin,Mitchelmore,mmitchelmore7y@eepurl.com,Female,Kenya,Malaba,19101 Logan Street,221-900-9782
288,Marcille,Perryn,mperryn7z@webnode.com,Female,China,Panjiawan,299 American Ash Center,720-245-7986
289,Gretchen,Feldstern,gfeldstern80@scientificamerican.com,Female,Pakistan,Keti Bandar,47 Summerview Lane,968-819-2705
290,Merci,McTrustram,mmctrustram81@topsy.com,Female,China,Nangang,2688 Beilfuss Junction,959-690-8969
291,Ramsay,Dumingos,rdumingos82@wunderground.com,Male,China,Haramgai,590 Sutherland Court,779-718-0309
292,Malvina,Got,mgot83@phoca.cz,Female,France,Charenton-le-Pont,3 Forest Center,754-673-5682
293,Dennie,Quainton,dquainton84@eepurl.com,Female,Russia,Koksovyy,718 Blue Bill Park Way,899-741-2276
294,Laurene,Biaggiotti,lbiaggiotti85@pcworld.com,Female,Paraguay,San José,80295 Grim Alley,951-780-5514
295,Claiborne,Nurny,cnurny86@fotki.com,Male,Laos,Xamtay,56135 Arizona Lane,763-114-3347
296,Frasquito,Toffanini,ftoffanini87@hugedomains.com,Male,China,Shuikou,726 Arkansas Pass,484-666-2119
297,Agnella,Pollok,apollok88@ebay.com,Female,China,Guanlu,4 Express Junction,224-166-1336
298,Amye,Callar,acallar89@istockphoto.com,Female,Sweden,Sundsvall,116 Blackbird Pass,738-569-3505
299,Oralle,Mabone,omabone8a@friendfeed.com,Female,Honduras,Marale,84 Tony Court,587-394-8477
300,Agata,McKirton,amckirton8b@clickbank.net,Female,Nigeria,Bauchi,9 5th Place,399-569-2490
301,Caddric,Gurry,cgurry8c@who.int,Male,Argentina,Villa Ángela,5986 Redwing Court,479-320-1352
302,Idalia,Carswell,icarswell8d@vimeo.com,Female,China,Hongqi,20 Arrowood Terrace,997-941-5482
303,Judas,Hanhardt,jhanhardt8e@ycombinator.com,Male,Portugal,Linhares,75 Grayhawk Hill,822-618-6728
304,Fabio,Newling,fnewling8f@nature.com,Male,China,Qishui,268 Hanson Place,846-983-6875
305,Toiboid,Patullo,tpatullo8g@boston.com,Male,China,Luofang,95228 Doe Crossing Park,697-900-3839
306,Coretta,Ferfulle,cferfulle8h@wikispaces.com,Female,Brazil,São Miguel dos Campos,80 Randy Plaza,940-278-1002
307,Milty,Gumley,mgumley8i@nifty.com,Male,France,Lyon,75 Transport Pass,100-593-7718
308,Darrick,Frick,dfrick8j@webeden.co.uk,Male,Russia,Tomari,20595 Beilfuss Plaza,976-510-0580
309,Nerty,Erangey,nerangey8k@rambler.ru,Female,Russia,Kuznechikha,1959 Arapahoe Crossing,933-585-8313
310,Jecho,Longfellow,jlongfellow8l@list-manage.com,Male,Pakistan,Shāhdādkot,37276 Transport Pass,979-815-7577
311,Timmi,Dei,tdei8m@huffingtonpost.com,Female,United States,Pensacola,473 Myrtle Pass,850-921-2572
312,Willow,Eitter,weitter8n@rediff.com,Female,Jamaica,Wakefield,57479 Elgar Plaza,714-463-8541
313,Tarra,Sarson,tsarson8o@theatlantic.com,Female,Indonesia,Ciherang,132 Independence Road,174-991-6959
314,Barbee,Valsler,bvalsler8p@list-manage.com,Female,Poland,Tyczyn,1 Ramsey Trail,213-312-9613
315,Anni,Scrowby,ascrowby8q@earthlink.net,Female,Paraguay,Santiago,51 Nobel Place,207-781-8074
316,Tiphani,Pinchback,tpinchback8r@taobao.com,Female,China,Libei,19802 5th Plaza,877-267-7558
317,Milt,House,mhouse8s@jiathis.com,Male,United States,New York City,715 Marquette Hill,917-246-0177
318,Nathanial,Stodd,nstodd8t@bluehost.com,Male,China,Hecun,5 Butterfield Street,490-665-3882
319,Johannes,Nelle,jnelle8u@businessinsider.com,Male,Costa Rica,San José,76833 Warrior Street,396-408-9807
320,Dilly,Gouldthorpe,dgouldthorpe8v@tumblr.com,Male,Czech Republic,Mirošov,37437 Hoard Circle,695-525-5337
321,Aldus,Conant,aconant8w@blogger.com,Male,Portugal,Fonteleite,88 Hintze Pass,244-280-5391
322,Maddie,Caldow,mcaldow8x@unicef.org,Female,Philippines,Sula,680 Spaight Drive,932-241-2789
323,Clementine,Toller,ctoller8y@oaic.gov.au,Female,France,Limoges,58 Springs Way,793-125-9948
324,Jaclin,Philipet,jphilipet8z@addthis.com,Female,China,Houping,5792 Waxwing Hill,289-883-0091
325,Jaynell,Sidery,jsidery90@unblog.fr,Female,Indonesia,Fatumnasi,92098 Eliot Hill,830-178-5433
326,Eleen,Tarver,etarver91@yahoo.com,Female,Poland,Chynów,2979 Crownhardt Plaza,543-427-0372
327,Ichabod,Connow,iconnow92@discuz.net,Male,Argentina,San Vicente,4 Miller Way,555-144-6182
328,Roth,Scandrick,rscandrick93@blogtalkradio.com,Male,Philippines,Pidsandawan,04 John Wall Terrace,856-487-2737
329,Lilith,Brushneen,lbrushneen94@i2i.jp,Female,Sweden,Kinna,00315 Boyd Terrace,355-140-7111
330,Stanislas,Fontanet,sfontanet95@spotify.com,Male,China,Pujijie,8329 Kinsman Pass,995-320-8034
331,Ignacius,Worwood,iworwood96@plala.or.jp,Male,Brazil,São Leopoldo,6212 Melody Street,915-955-3226
332,Yevette,Overington,yoverington97@gov.uk,Female,Peru,Quiruvilca,46 Bartelt Pass,566-806-3612
333,Quintana,Yancey,qyancey98@utexas.edu,Female,Comoros,Séléa,47910 Florence Road,504-588-4682
334,Xena,Evershed,xevershed99@abc.net.au,Female,Mexico,Las Palmas,658 Surrey Alley,881-988-4053
335,Artair,Buddock,abuddock9a@51.la,Male,Honduras,Bálsamo Oriental,74 Arapahoe Trail,523-290-4778
336,Stanley,Godding,sgodding9b@amazonaws.com,Male,China,Dafengdui,5 Milwaukee Way,945-890-0995
337,Findlay,Haller,fhaller9c@samsung.com,Male,Brazil,Palmeira,94876 Corry Junction,493-709-8477
338,Larisa,Lowry,llowry9d@odnoklassniki.ru,Female,China,Chengdong,44383 Chinook Park,534-747-0646
339,Bron,Humblestone,bhumblestone9e@vk.com,Male,Hungary,Debrecen,17998 Rutledge Center,664-699-3583
340,Forest,Cuncarr,fcuncarr9f@jiathis.com,Male,China,Budayuan,2 Tennyson Point,632-277-6761
341,Darin,Castaneda,dcastaneda9g@miitbeian.gov.cn,Male,Mexico,Cuauhtemoc,7 Pearson Center,821-923-1749
342,Perkin,Hunte,phunte9h@sciencedaily.com,Male,Yemen,Al Maḩfid,40 Meadow Valley Pass,305-325-9144
343,Patin,Najera,pnajera9i@nymag.com,Male,Macedonia,Obršani,6164 Erie Circle,407-315-6350
344,Fernande,Spacey,fspacey9j@ezinearticles.com,Female,Portugal,Moita da Roda,79033 Clyde Gallagher Place,650-371-1284
345,Renault,Olland,rolland9k@exblog.jp,Male,China,Luotuo,1 Old Gate Circle,126-778-1823
346,Jacinda,Willman,jwillman9l@prlog.org,Female,Bolivia,Jorochito,2053 8th Avenue,836-279-8597
347,Blinnie,Lehemann,blehemann9m@soup.io,Female,Indonesia,Uitiuhtuan,0168 Debs Court,259-768-2925
348,Garnette,Skevington,gskevington9n@disqus.com,Female,Greece,Lýkeio,4517 Kennedy Parkway,250-138-1462
349,Sabra,Hendrickx,shendrickx9o@a8.net,Female,Japan,Usuki,0956 Emmet Court,552-728-8671
350,Rog,Winny,rwinny9p@phpbb.com,Male,Gambia,No Kunda,245 Hudson Junction,786-935-6503
351,Margaux,Utteridge,mutteridge9q@hubpages.com,Female,China,Lüjiabao,7 Buell Park,367-754-3203
352,Paulina,Kendrew,pkendrew9r@angelfire.com,Female,Colombia,Pueblo Nuevo,95 Rieder Terrace,952-463-0273
353,Tate,Stollenbeck,tstollenbeck9s@jiathis.com,Female,Indonesia,Tanarara,006 Colorado Lane,810-711-5653
354,Willi,Willarton,wwillarton9t@ebay.co.uk,Male,Finland,Vaasa,11609 Dayton Circle,221-618-1127
355,Aryn,Legging,alegging9u@washington.edu,Female,Indonesia,Panyingkiran,13539 Banding Place,784-605-2520
356,Ermengarde,Alenov,ealenov9v@spotify.com,Female,Morocco,Reggada,61502 Butternut Hill,721-488-4771
357,Vivie,Jobe,vjobe9w@china.com.cn,Female,China,Sufang,02 Rockefeller Pass,463-249-9570
358,Andi,Lozano,alozano9x@clickbank.net,Female,Lithuania,Telsiai,37 Schmedeman Junction,116-828-5364
359,Kass,Shrawley,kshrawley9y@berkeley.edu,Female,China,Chujiang,44358 Clyde Gallagher Center,252-522-7441
360,Maurie,Waddoups,mwaddoups9z@twitter.com,Male,Guatemala,San Cristóbal Verapaz,9 Meadow Vale Street,919-844-4636
361,Reese,Adrienne,radriennea0@tinyurl.com,Male,Peru,La Caleta Culebras,35430 Messerschmidt Park,145-691-4477
362,Paolina,Belvard,pbelvarda1@e-recht24.de,Female,China,Zhaoguli,374 Golf Park,331-574-6385
363,Myra,Ketteringham,mketteringhama2@cisco.com,Female,Ukraine,Hlyboka,54 Banding Avenue,707-336-9582
364,Nevins,Marrill,nmarrilla3@youku.com,Male,Thailand,Pakham,27919 Vera Pass,809-178-4826
365,Wade,McIan,wmciana4@china.com.cn,Male,China,Nanjing,4887 Brentwood Alley,189-384-2748
366,Kip,MacAlister,kmacalistera5@seesaa.net,Male,Indonesia,Segoro,15 Pierstorff Parkway,686-150-4516
367,Stacy,Tunna,stunnaa6@japanpost.jp,Male,Indonesia,Karangboyo,0207 Kings Parkway,491-718-2058
368,Bird,Farnfield,bfarnfielda7@eventbrite.com,Female,Colombia,Maicao,83784 Northview Terrace,457-862-9411
369,Evelin,Kapelhoff,ekapelhoffa8@wikispaces.com,Male,Guatemala,San Lucas Tolimán,0 Arkansas Drive,238-513-1202
370,Jock,Liddle,jliddlea9@cbsnews.com,Male,Peru,Bambas,6 Canary Lane,349-712-6362
371,Flynn,Jordi,fjordiaa@github.io,Male,Indonesia,Sawahan,39 Kingsford Hill,820-444-5284
372,Cassy,McAlinion,cmcalinionab@constantcontact.com,Female,Indonesia,Panjir,60216 Hauk Alley,705-583-2096
373,Jessie,Paull,jpaullac@typepad.com,Male,Poland,Łącko,0734 Grasskamp Way,692-996-1077
374,Caty,Studders,cstuddersad@psu.edu,Female,Indonesia,Munjul,6150 Forest Dale Road,932-313-3537
375,Barr,Poleykett,bpoleykettae@berkeley.edu,Male,Russia,Gon’ba,6416 Trailsway Alley,226-168-1268
376,Urson,MacLaughlin,umaclaughlinaf@google.com.hk,Male,Ireland,Kinnegad,83 Ludington Street,984-575-5997
377,Tiler,Jakubiak,tjakubiakag@pcworld.com,Male,China,Yanzhou,32 Gulseth Street,318-495-7326
378,Denna,Goldhill,dgoldhillah@ebay.co.uk,Female,Russia,Millerovo,652 Texas Alley,260-967-4140
379,Shelby,Torfin,storfinai@ucla.edu,Female,Indonesia,Sembalunbumbung,5 Crownhardt Court,553-688-1785
380,Emylee,Jancar,ejancaraj@nasa.gov,Female,Indonesia,Pordapor Barat,8 Meadow Ridge Place,564-542-3001
381,Hinze,Woodings,hwoodingsak@auda.org.au,Male,Brazil,Viana,60 John Wall Park,125-948-3779
382,Leonid,Johnston,ljohnstonal@nifty.com,Male,Canada,L'Épiphanie,960 Summer Ridge Center,676-934-5980
383,Ivar,Brixey,ibrixeyam@sfgate.com,Male,Russia,Shlissel’burg,01495 Morrow Street,160-663-4211
384,Bink,Inmett,binmettan@cnn.com,Male,China,Hesheng,49 Carey Point,187-885-8550
385,Westley,Gilfether,wgilfetherao@soup.io,Male,Philippines,Ilangay,7 Redwing Junction,385-808-1192
386,Adams,Brayn,abraynap@bigcartel.com,Male,Russia,Vykhino-Zhulebino,9175 Eggendart Pass,164-894-1727
387,Niki,Lindl,nlindlaq@hp.com,Male,Canada,Saint-Bruno-de-Guigues,8644 Anthes Terrace,499-706-0289
388,Cacilie,McDermott,cmcdermottar@house.gov,Female,China,Youdunjie,98529 Russell Plaza,603-952-2425
389,Miner,Cozby,mcozbyas@sphinn.com,Male,Brazil,São Caetano do Sul,2181 Sauthoff Center,870-901-3412
390,Hebert,Mara,hmaraat@mlb.com,Male,Portugal,Vila Nova,228 Del Sol Drive,366-148-7223
391,Moshe,Dillow,mdillowau@tamu.edu,Male,Thailand,Ban Mo,5 Norway Maple Point,873-859-2255
392,Norbie,MacConneely,nmacconneelyav@dyndns.org,Male,Finland,Pernå,461 Golf View Junction,159-707-3107
393,Antonius,Chartre,achartreaw@icio.us,Male,Chile,Tocopilla,846 Merchant Terrace,879-682-2653
394,Barron,Wickendon,bwickendonax@wordpress.com,Male,Brazil,Campos Novos,266 New Castle Center,709-126-5625
395,Kiley,Tomini,ktominiay@addthis.com,Male,Portugal,Alqueidão,8 Morningstar Trail,471-711-0304
396,Colet,Edinboro,cedinboroaz@liveinternet.ru,Male,Brazil,Palmeira,020 Sloan Circle,426-368-9744
397,Abra,O'Scollee,aoscolleeb0@amazon.com,Female,Czech Republic,Vilémov,001 Kensington Center,161-648-0649
398,Dev,Venard,dvenardb1@mac.com,Male,China,Yingjiang,51 5th Circle,560-489-6429
399,Neile,Armiger,narmigerb2@trellian.com,Female,Gambia,Sankwia,963 Paget Place,151-729-8335
400,Rickert,Gavriel,rgavrielb3@kickstarter.com,Male,Indonesia,Gorang,6427 Northland Pass,901-286-7138
401,Karlie,Souster,ksousterb4@bandcamp.com,Female,Azerbaijan,Neftçala,52482 Elmside Drive,589-495-8695
402,Daile,Alberti,dalbertib5@jugem.jp,Female,Poland,Gręboszów,8 Superior Point,312-200-9333
403,Rebecka,Durbridge,rdurbridgeb6@wikipedia.org,Female,Sweden,Hallstahammar,27 Hintze Pass,711-917-0324
404,Mortimer,Eyes,meyesb7@cbslocal.com,Male,Malaysia,Kuala Lumpur,0875 Boyd Park,454-484-4223
405,Ag,Linkleter,alinkleterb8@cafepress.com,Female,China,Shuangxi,06 David Trail,149-660-1509
406,Egon,Farmar,efarmarb9@blogs.com,Male,Thailand,Ban Dung,73292 Daystar Way,207-879-3597
407,Thorin,Glancey,tglanceyba@facebook.com,Male,Portugal,Messejana,099 Brickson Park Hill,768-845-0012
408,Cloris,Dawtrey,cdawtreybb@mit.edu,Female,Philippines,Bunol,55 Eliot Point,266-677-4008
409,Rockwell,Blanden,rblandenbc@webeden.co.uk,Male,Czech Republic,Mikulášovice,76 Darwin Plaza,266-673-2305
410,Elvina,Tewkesberrie,etewkesberriebd@baidu.com,Female,Indonesia,Pendawanbaru,234 Arkansas Crossing,438-790-8733
411,Dominic,Samme,dsammebe@google.cn,Male,Yemen,Al Mashāf,8599 Bay Lane,821-740-8675
412,Lotte,Coskerry,lcoskerrybf@github.io,Female,China,Huangxi,685 Bunker Hill Terrace,951-113-1373
413,Ebony,Gergus,egergusbg@pinterest.com,Female,Russia,Nekrasovka,14677 Kinsman Court,266-749-4783
414,Georas,Tyce,gtycebh@boston.com,Male,Sweden,Sveg,1 Farwell Park,160-312-5280
415,Trace,Orteaux,torteauxbi@yellowpages.com,Male,Portugal,Santa Cruz,189 Waxwing Plaza,595-346-6980
416,Corbie,Flux,cfluxbj@php.net,Male,Brazil,Bela Vista do Paraíso,3 Becker Terrace,440-141-0480
417,Dunc,Maureen,dmaureenbk@usgs.gov,Male,China,Dongjiahe,141 Anthes Drive,238-495-3918
418,Boony,Beneyto,bbeneytobl@cpanel.net,Male,Spain,Granada,832 Mandrake Center,433-959-5068
419,Gannie,Gaitley,ggaitleybm@wsj.com,Male,Nigeria,Orita Eruwa,22 Independence Road,766-277-7555
420,Olwen,Sealove,osealovebn@cnbc.com,Female,Marshall Islands,Rongelap,8 Maple Trail,252-816-9612
421,Lyndsie,Koschke,lkoschkebo@reddit.com,Female,Thailand,Khlong Hat,050 5th Avenue,192-478-0548
422,Venus,Abrehart,vabrehartbp@bloglines.com,Female,Ukraine,Reshetylivka,0 Luster Drive,457-696-2371
423,Darrin,Restieaux,drestieauxbq@zdnet.com,Male,Portugal,Viana do Castelo,34518 Waubesa Court,983-910-0570
424,Monique,Bazelle,mbazellebr@bbb.org,Female,Nigeria,Wukari,1 Myrtle Way,839-979-8719
425,Towny,Sketchley,tsketchleybs@telegraph.co.uk,Male,Czech Republic,Štítná nad Vláří,86 Carey Street,318-106-7771
426,Susette,Gabits,sgabitsbt@hhs.gov,Female,China,Changtang,07621 Holmberg Pass,139-428-3296
427,Eulalie,Barltrop,ebarltropbu@nps.gov,Female,Germany,München,9 Elmside Hill,512-365-9101
428,Harmonie,Podd,hpoddbv@google.ru,Female,Mauritius,Centre de Flacq,6883 Pond Street,317-355-1913
429,Drake,Bruyns,dbruynsbw@icio.us,Male,Philippines,Uacon,49266 Springview Way,165-503-5732
430,Kaleb,Armfield,karmfieldbx@bloomberg.com,Male,South Africa,Ashton,7114 Pleasure Court,697-223-4881
431,Richard,Markel,rmarkelby@drupal.org,Male,China,Zhouji,013 Bay Crossing,812-572-9413
432,Nola,Johnstone,njohnstonebz@symantec.com,Female,Brazil,Registro,4 Roth Junction,824-338-8393
433,Delainey,Metschke,dmetschkec0@slashdot.org,Male,Ukraine,Horodyshche,255 Linden Court,288-257-5760
434,Jayme,Arghent,jarghentc1@xing.com,Male,Philippines,Joroan,7 Monument Court,662-615-2500
435,Arin,Banbrick,abanbrickc2@t.co,Male,Jordan,Kafr Sawm,6390 Washington Center,758-916-6049
436,Collie,Diano,cdianoc3@dmoz.org,Female,France,Albertville,9 Glacier Hill Hill,462-291-3300
437,Anissa,Wolfarth,awolfarthc4@liveinternet.ru,Female,Brazil,Guarapuava,54 John Wall Trail,849-953-0393
438,Fred,Langmuir,flangmuirc5@yelp.com,Male,Croatia,Ozalj,9269 Bashford Plaza,923-443-6565
439,Tony,Lune,tlunec6@ezinearticles.com,Female,Thailand,Chanuman,4 Parkside Terrace,992-316-2179
440,Juana,Dingle,jdinglec7@census.gov,Female,Indonesia,Mulandoro,10462 Springs Hill,448-286-5242
441,Gael,Pentercost,gpentercostc8@cnet.com,Female,Denmark,København,283 Portage Park,728-461-7925
442,Vonni,Tooke,vtookec9@skype.com,Female,Tanzania,Igurusi,3 Cambridge Court,662-546-0365
443,Melisa,Karpeev,mkarpeevca@walmart.com,Female,China,Qiaodi,704 Carberry Road,194-103-0900
444,Malchy,Lantiff,mlantiffcb@apache.org,Male,Nigeria,Ngurore,37 Buena Vista Drive,875-860-3454
445,Georgia,Strutley,gstrutleycc@sogou.com,Female,Colombia,Salamina,97884 Derek Avenue,447-787-9650
446,Conny,Linsley,clinsleycd@myspace.com,Male,Tanzania,Mabamba,9 Lighthouse Bay Center,635-655-7432
447,Genevra,Glasspoole,gglasspoolece@hostgator.com,Female,China,Yujia’ao,0 Arrowood Road,233-184-1637
448,Solomon,Bartzen,sbartzencf@mapy.cz,Male,Democratic Republic of the Congo,Kisangani,25 Arizona Park,871-441-9287
449,Dominic,Fogarty,dfogartycg@army.mil,Male,Poland,Łodygowice,34 Riverside Place,176-452-9086
450,Anjela,Balffye,abalffyech@upenn.edu,Female,Haiti,Gonayiv,08 Rowland Circle,864-389-9234
451,Dorree,Rodrigo,drodrigoci@redcross.org,Female,Indonesia,Angkahgede,0251 Loftsgordon Center,265-961-5560
452,Mayne,Jobes,mjobescj@si.edu,Male,Czech Republic,Svatava,56 Washington Pass,358-641-4345
453,Ariana,Tille,atilleck@sphinn.com,Female,Czech Republic,Dubá,9377 Melvin Lane,235-305-5338
454,Lilias,Weavers,lweaverscl@cocolog-nifty.com,Female,Thailand,Ban Muang,4647 Buell Street,898-663-7722
455,Zachery,Tansill,ztansillcm@123-reg.co.uk,Male,Sweden,Mjölby,6429 Ludington Terrace,646-604-6772
456,Alec,Vesty,avestycn@google.com.au,Male,Indonesia,Mnelalete,19 Blue Bill Park Hill,973-734-3309
457,Ilario,Wingfield,iwingfieldco@sfgate.com,Male,Libya,Tarhuna,9801 Gerald Trail,201-430-6811
458,Dolly,Mountjoy,dmountjoycp@discuz.net,Female,Portugal,Loivos,09843 Gateway Plaza,504-755-6483
459,Osborne,Crottagh,ocrottaghcq@barnesandnoble.com,Male,Jamaica,Malvern,56772 Commercial Terrace,772-877-0294
460,Tessa,Peter,tpetercr@usatoday.com,Female,Colombia,Mompós,65 Eagle Crest Way,699-858-8533
461,Corissa,Truitt,ctruittcs@shinystat.com,Female,China,Zicheng,722 Northview Way,606-714-6872
462,Reade,Crowder,rcrowderct@stumbleupon.com,Male,Philippines,Amucao,62386 Morningstar Crossing,418-847-9178
463,Vere,Ivasechko,vivasechkocu@forbes.com,Female,Ukraine,Rozhniv,6 Starling Avenue,356-485-0253
464,Flore,Fitzsimmons,ffitzsimmonscv@baidu.com,Female,Macedonia,Неготино,8 Dapin Court,140-691-0457
465,Marne,Anthes,manthescw@newyorker.com,Female,Philippines,Naili,8687 Nobel Circle,132-787-6540
466,Gottfried,Stennard,gstennardcx@123-reg.co.uk,Male,Thailand,Si Khoraphum,763 Dakota Point,761-334-8098
467,Christie,Yousef,cyousefcy@bbb.org,Female,Dominican Republic,Majagual,9 Russell Crossing,250-359-5172
468,Kippy,Cassy,kcassycz@slashdot.org,Male,China,Muqi,3 Bunting Junction,228-166-5906
469,Gibbie,Speir,gspeird0@smugmug.com,Male,Costa Rica,Bagaces,03 Glacier Hill Way,669-212-3034
470,Alyss,Coper,acoperd1@redcross.org,Female,Indonesia,Bakungan,06516 Veith Lane,590-312-0037
471,Ermin,Ruthen,eruthend2@unc.edu,Male,Peru,Sacsamarca,976 Fair Oaks Center,710-890-9890
472,Tana,Millimoe,tmillimoed3@nps.gov,Female,Brazil,Bezerros,135 Susan Lane,789-422-3500
473,Rochelle,Thurlby,rthurlbyd4@cbslocal.com,Female,Germany,Halle,3004 Old Gate Point,443-668-5307
474,Alidia,Jendrach,ajendrachd5@hibu.com,Female,Portugal,Água de Pau,1 Novick Court,374-123-4094
475,Sandor,Pummery,spummeryd6@wikipedia.org,Male,Portugal,Foz Sousa,0914 Rieder Drive,366-599-0320
476,August,Fullerton,afullertond7@yolasite.com,Male,Indonesia,Citampian,1892 Tony Junction,900-621-8309
477,Leigh,Abbett,labbettd8@ft.com,Male,Brazil,São João dos Patos,43 Raven Trail,230-124-0262
478,Gabriello,Bertson,gbertsond9@mac.com,Male,Chile,Остров Пасхи,6733 Monica Court,436-428-9947
479,Elonore,Cavanaugh,ecavanaughda@redcross.org,Female,Canada,Okanagan,61547 Tennyson Street,623-317-7260
480,Uriah,Kitching,ukitchingdb@google.com.hk,Male,Denmark,København,77133 Hazelcrest Trail,465-966-1207
481,Petr,Braams,pbraamsdc@mozilla.org,Male,Ukraine,Urzuf,3 International Avenue,103-190-7367
482,Baryram,Bogeys,bbogeysdd@diigo.com,Male,Switzerland,Basel,8 Kennedy Street,598-598-9978
483,Maribel,Cubbin,mcubbinde@sogou.com,Female,Philippines,Digos,45049 Anthes Alley,620-448-6398
484,Jannel,Di Bernardo,jdibernardodf@kickstarter.com,Female,China,Yuejin,0246 Sommers Street,867-293-9386
485,Rog,Corbert,rcorbertdg@ning.com,Male,Qatar,Ash Shaḩānīyah,95423 Manufacturers Park,235-600-8241
486,Francois,Rosengren,frosengrendh@examiner.com,Male,United States,Gatesville,6 Duke Center,254-442-7846
487,Lanna,Pendock,lpendockdi@ucoz.ru,Female,Thailand,Sawang Daen Din,72895 Banding Junction,794-827-0233
488,Jean,Poor,jpoordj@sciencedirect.com,Female,Bulgaria,Mineralni Bani,6 Menomonie Parkway,224-422-1689
489,Danya,Lewnden,dlewndendk@unicef.org,Male,Canada,Abbotsford,28707 Vidon Avenue,499-272-3556
490,Iolanthe,Whitehair,iwhitehairdl@cbsnews.com,Female,Comoros,Kangani,78211 Old Shore Trail,369-688-9300
491,Paco,Lush,plushdm@tumblr.com,Male,Brazil,Carmo do Paranaíba,3 8th Street,556-878-2047
492,Arden,Harry,aharrydn@lulu.com,Female,Japan,Isesaki,077 Erie Plaza,411-842-2228
493,Kinny,MacAless,kmacalessdo@skype.com,Male,Indonesia,Pundong,28 Glendale Road,209-789-6083
494,Raquel,Morford,rmorforddp@webmd.com,Female,Japan,Kamo,211 Corscot Avenue,820-426-9024
495,Kenyon,Hoxey,khoxeydq@soundcloud.com,Male,Greece,Limenária,922 International Alley,792-883-0384
496,Doralyn,Liddiatt,dliddiattdr@jimdo.com,Female,Uruguay,Nuevo Berlín,3685 Arkansas Park,388-288-9387
497,Munroe,Ducastel,mducastelds@umich.edu,Male,Sweden,Brämhult,11 Wayridge Drive,315-310-8183
498,Verine,Beininck,vbeininckdt@odnoklassniki.ru,Female,China,Riyue,6 Norway Maple Hill,379-917-1226
499,Gus,Aspinall,gaspinalldu@dell.com,Male,Russia,Labytnangi,147 Fremont Center,456-451-0066
500,Lulita,Hawkswood,lhawkswooddv@nba.com,Female,Philippines,Ugac Sur,27 Cottonwood Way,607-484-5353
501,Dolph,Fraschini,dfraschinidw@usa.gov,Male,China,Dahe,918 Daystar Circle,353-942-0868
502,Alexis,Pates,apatesdx@acquirethisname.com,Female,China,Baisha,506 Farmco Circle,394-604-7993
503,Addy,Kennagh,akennaghdy@tripod.com,Male,United States,Arlington,02 Cherokee Alley,571-145-4862
504,Wheeler,Pellitt,wpellittdz@example.com,Male,Portugal,Pinhal Novo,2820 Morningstar Street,579-108-4892
505,Erin,Springford,espringforde0@ucoz.ru,Female,Russia,Rudnichnyy,845 Old Shore Pass,783-230-6108
506,Antoine,Player,aplayere1@ning.com,Male,Philippines,Manuel Roxas,82993 Mifflin Circle,467-426-1295
507,Breanne,Scanlon,bscanlone2@ezinearticles.com,Female,China,Xincheng,4 Marquette Place,831-319-7727
508,Clarence,Kerrane,ckerranee3@blogs.com,Male,China,Shuidong,574 Coolidge Lane,313-331-2248
509,Hugues,Heistermann,hheistermanne4@jiathis.com,Male,Vietnam,Gò Quao,7154 Kim Court,572-993-3251
510,Halie,Neasam,hneasame5@ucoz.com,Female,Indonesia,Tebanah,9208 Sutherland Center,688-200-3817
511,Page,Fortie,pfortiee6@oracle.com,Male,Netherlands,Leiden,481 Eagle Crest Center,826-104-0998
512,Toby,Lammerding,tlammerdinge7@cdbaby.com,Female,Denmark,Frederiksberg,06 Karstens Place,829-398-5090
513,Daisie,Damiral,ddamirale8@slashdot.org,Female,China,Chakou,93739 Lukken Court,198-364-3970
514,Katusha,Flea,kfleae9@simplemachines.org,Female,Morocco,Oulmes,7 Mallory Terrace,625-524-7105
515,Sioux,McKimmey,smckimmeyea@freewebs.com,Female,Brazil,Birigui,105 Springview Point,920-319-6277
516,Louie,Allaway,lallawayeb@prnewswire.com,Male,United States,Oakland,773 Gateway Alley,650-820-9597
517,Xenia,Tixall,xtixallec@netvibes.com,Female,Russia,Ozëry,35480 Westport Drive,906-237-2004
518,Aleda,Beake,abeakeed@etsy.com,Female,China,Xufeng,1316 Darwin Alley,740-215-6873
519,Alexio,Newhouse,anewhouseee@moonfruit.com,Male,Portugal,Limeiras,530 Warbler Point,722-178-5792
520,Stace,Brame,sbrameef@theguardian.com,Female,Peru,Checca,9444 Pierstorff Alley,515-869-4194
521,Blake,Murie,bmurieeg@dailymail.co.uk,Male,China,Qingshi,63 Declaration Parkway,249-935-0100
522,Cosette,Leys,cleyseh@wiley.com,Female,Honduras,San José de Comayagua,613 Stang Avenue,593-477-6745
523,Trina,Bowbrick,tbowbrickei@ehow.com,Female,China,Da’an,0 Shoshone Alley,706-398-1717
524,Celestina,Haps,chapsej@1und1.de,Female,Georgia,Didi Lilo,09 Talmadge Place,766-787-8860
525,Laurens,Wall,lwallek@alexa.com,Male,Mexico,Vicente Guerrero,31066 Summerview Trail,601-450-7350
526,Alvan,Gowen,agowenel@about.me,Male,Japan,Iwanuma,70 Dunning Terrace,996-449-8528
527,Frasier,Stappard,fstappardem@sitemeter.com,Male,Indonesia,Banjarjo,43423 Debs Junction,242-702-5827
528,Hailee,Palin,hpalinen@hhs.gov,Female,Japan,Komono,06 Schlimgen Crossing,333-819-3935
529,Devlen,Jeanet,djeaneteo@linkedin.com,Male,Portugal,Marinhais,65 Hintze Junction,288-392-1030
530,Diane,Hedon,dhedonep@ox.ac.uk,Female,Ecuador,Riobamba,6 Bartillon Terrace,451-967-3732
531,Oneida,Akrigg,oakriggeq@tmall.com,Female,France,Marseille,6723 Holy Cross Street,439-584-9256
532,Hannie,Zanneli,hzannelier@wikipedia.org,Female,Portugal,Castanheira,04 Porter Avenue,298-281-5033
533,Kareem,Southcombe,ksouthcombees@bloglines.com,Male,Pakistan,Lāliān,0 Lunder Junction,383-233-0334
534,Maribelle,Matityahu,mmatityahuet@eventbrite.com,Female,Morocco,Tazarine,95522 Farragut Alley,142-190-2806
535,Ula,Yukhin,uyukhineu@ifeng.com,Female,Ukraine,Bilopillya,9 Sommers Drive,635-177-7206
536,Kiah,Rosenstock,krosenstockev@hibu.com,Female,Brazil,Envira,2 Glendale Center,462-482-1390
537,Jacobo,Matskevich,jmatskevichew@4shared.com,Male,Greece,Áno Kómi,8062 Rieder Trail,288-266-7304
538,Natividad,Gunningham,ngunninghamex@adobe.com,Female,United States,Corona,8 David Lane,951-957-0166
539,Goldina,Bentley,gbentleyey@harvard.edu,Female,Brazil,Quixeramobim,7534 Florence Pass,805-485-2999
540,Costanza,Pillington,cpillingtonez@list-manage.com,Female,Poland,Rokitno Szlacheckie,1 Sutherland Center,515-796-0609
541,Scot,Spyvye,sspyvyef0@columbia.edu,Male,Indonesia,Panenjoan,72978 Arkansas Circle,904-737-7682
542,Costanza,Jorat,cjoratf1@bloglovin.com,Female,Canada,Killarney,2225 Hauk Crossing,480-137-3445
543,Zsazsa,Hessing,zhessingf2@xinhuanet.com,Female,Panama,Nuevo Emperador,82059 Lillian Alley,886-600-2237
544,Kerwinn,Matieu,kmatieuf3@myspace.com,Male,Peru,Huari,669 Menomonie Crossing,593-100-1517
545,Norbert,Cawson,ncawsonf4@smh.com.au,Male,Russia,Kazinka,29 Derek Avenue,756-490-8234
546,Cayla,Cleen,ccleenf5@spiegel.de,Female,China,Wangliao,771 Sundown Terrace,579-916-5918
547,Jamill,Gladdis,jgladdisf6@blog.com,Male,Russia,Novoderevyankovskaya,11390 Gulseth Parkway,111-565-3938
548,Reena,Pomfret,rpomfretf7@baidu.com,Female,Finland,Länsi-Turunmaa,079 Kipling Pass,473-848-3273
549,Cass,Hissett,chissettf8@paypal.com,Male,Japan,Motomiya,9651 Summer Ridge Avenue,361-620-7952
550,Henderson,Jansson,hjanssonf9@liveinternet.ru,Male,France,Rennes,892 Debra Alley,424-549-2278
551,Katina,Fraulo,kfraulofa@creativecommons.org,Female,Russia,Yermolino,78 Petterle Hill,795-904-6363
552,Davina,Church,dchurchfb@about.me,Female,China,Jianba,12252 Crescent Oaks Place,198-759-6071
553,Garwin,Madine,gmadinefc@fc2.com,Male,China,Xiatuanpu,12622 Spaight Hill,317-524-8860
554,Quinta,Masterson,qmastersonfd@ed.gov,Female,Mexico,San Sebastian,54698 Forest Run Pass,612-998-5776
555,Emmy,Longstreet,elongstreetfe@amazon.de,Male,Sweden,Katrineholm,3 Petterle Terrace,712-191-5576
556,Hunt,Crebott,hcrebottff@ibm.com,Male,Canada,Newmarket,57940 Arkansas Pass,649-422-9671
557,Gawain,Scurrey,gscurreyfg@163.com,Male,China,Buhe,9423 Derek Junction,256-928-2868
558,Hermann,Gooding,hgoodingfh@devhub.com,Male,China,Zhuanqukou,42442 Larry Place,186-232-2633
559,Clemmie,Dudlestone,cdudlestonefi@themeforest.net,Male,United Kingdom,Whitwell,92303 Ramsey Street,122-423-2021
560,Skipton,Ivashinnikov,sivashinnikovfj@xinhuanet.com,Male,China,Tumu’ertai,6407 Browning Crossing,534-897-2066
561,Felipe,Baddeley,fbaddeleyfk@omniture.com,Male,Netherlands,Doetinchem,81935 Butternut Court,612-865-3729
562,Krishnah,Prescott,kprescottfl@usda.gov,Male,Jordan,Ar Ramthā,04737 Killdeer Park,174-814-9806
563,Lishe,Wickwarth,lwickwarthfm@deliciousdays.com,Female,Dominican Republic,El Cacao,7 Grim Alley,459-668-7678
564,Laurella,Penhaleurack,lpenhaleurackfn@barnesandnoble.com,Female,China,Baiyanghe,814 Warrior Avenue,645-956-6105
565,Obadias,Crame,ocramefo@wiley.com,Male,Philippines,Saravia,2 Lerdahl Avenue,539-767-6783
566,Salomo,Rathjen,srathjenfp@creativecommons.org,Male,Sweden,Partille,8609 Chinook Road,379-706-8147
567,Arvy,Grocutt,agrocuttfq@devhub.com,Male,Sweden,Valbo,58458 Crowley Way,894-862-0212
568,Starlin,Revance,srevancefr@tiny.cc,Female,South Korea,Osan,33121 Arizona Way,955-289-6101
569,Lynea,Stonnell,lstonnellfs@tumblr.com,Female,Macedonia,Delcevo,1390 Reinke Trail,665-304-3879
570,Jami,Innerstone,jinnerstoneft@shinystat.com,Female,Indonesia,Awilega,9 Sunfield Parkway,724-429-7643
571,Wallis,Belle,wbellefu@constantcontact.com,Female,Indonesia,Togu,4201 Westport Road,631-295-2718
572,Cassi,Cohalan,ccohalanfv@google.com,Female,Czech Republic,Hrochův Týnec,7371 Hallows Place,610-888-0503
573,Dora,Kayzer,dkayzerfw@dailymail.co.uk,Female,Poland,Targanice,5 Cascade Park,687-187-1957
574,Nalani,Wellstood,nwellstoodfx@163.com,Female,China,Budayuan,887 Schlimgen Lane,850-326-8823
575,Pail,FitzGeorge,pfitzgeorgefy@friendfeed.com,Male,Sweden,Torslanda,3 Bowman Place,679-795-8325
576,Roby,Caroline,rcarolinefz@google.ru,Female,Sweden,Järfälla,40 Basil Pass,270-760-7619
577,Rod,Posner,rposnerg0@bloomberg.com,Male,Indonesia,Weekombaka,70451 Stone Corner Court,857-805-2104
578,Winni,Louw,wlouwg1@liveinternet.ru,Female,Martinique,Fort-de-France,3362 Atwood Plaza,629-182-0776
579,North,Newling,nnewlingg2@msu.edu,Male,East Timor,Lospalos,11646 Eastlawn Way,969-672-5974
580,Jackqueline,Lightbourne,jlightbourneg3@chicagotribune.com,Female,Brazil,Itambacuri,467 Lillian Plaza,425-690-7785
581,Oates,Greenwood,ogreenwoodg4@seattletimes.com,Male,Afghanistan,Baghlān,02 Atwood Plaza,493-904-0237
582,Quintus,Maulin,qmauling5@constantcontact.com,Male,Morocco,Sefrou,74889 David Park,440-304-9709
583,Dominique,Kloster,dklosterg6@google.cn,Male,Jordan,Al Jubayhah,18361 Steensland Point,467-580-8713
584,Brynne,Koenen,bkoeneng7@mozilla.com,Female,Brazil,Rio Negro,84022 Grover Alley,367-758-0852
585,Cyndy,Quinane,cquinaneg8@bloglovin.com,Female,Indonesia,Mandala,2819 Bobwhite Trail,145-322-2703
586,Bernetta,Streat,bstreatg9@clickbank.net,Female,Peru,Huacrachuco,744 Armistice Alley,826-337-6274
587,Rasla,Hundey,rhundeyga@tinyurl.com,Female,China,Yanliang,78281 Little Fleur Lane,575-882-8261
588,Karyn,Jorgesen,kjorgesengb@scribd.com,Female,United States,Harrisburg,31 Continental Drive,717-958-1475
589,Benedict,MacLaren,bmaclarengc@mapy.cz,Male,Philippines,Bunog,48418 Golf Way,185-594-2737
590,Maura,Hendricks,mhendricksgd@bizjournals.com,Female,Portugal,Malpique,863 Spohn Lane,616-208-1842
591,Issie,McElvine,imcelvinege@quantcast.com,Female,China,Hongping,0 Kings Court,724-537-7015
592,Curt,Caldera,ccalderagf@google.co.jp,Male,Swaziland,Tshaneni,8028 Trailsway Avenue,914-348-8445
593,Paulette,Cianelli,pcianelligg@reference.com,Female,China,Haiyu,24896 Stuart Circle,257-785-7529
594,Christy,Harget,chargetgh@elegantthemes.com,Male,Dominican Republic,Concepción de La Vega,63 Main Hill,617-961-9821
595,Braden,Letford,bletfordgi@webmd.com,Male,Canada,Middleton,9907 3rd Center,978-539-7268
596,Ranice,Lenox,rlenoxgj@cdbaby.com,Female,Portugal,Ribeiro,8027 Laurel Avenue,418-762-9681
597,Isahella,Beche,ibechegk@mediafire.com,Female,Nigeria,Takai,8744 Walton Lane,358-540-9047
598,Shepherd,Adamides,sadamidesgl@vk.com,Male,Indonesia,Cikembar,3454 Corscot Center,602-365-2284
599,Levey,Calcott,lcalcottgm@virginia.edu,Male,China,Beixin,3139 Blue Bill Park Lane,209-992-8323
600,Bartie,Shawdforth,bshawdforthgn@lycos.com,Male,Indonesia,Ciganaria,2 Westerfield Junction,278-999-7421
601,Ermentrude,Lifsey,elifseygo@disqus.com,Female,China,Situ,90 Luster Hill,420-125-5085
602,Constantin,Snell,csnellgp@washingtonpost.com,Male,Indonesia,Majan,59 Hooker Place,205-700-2749
603,Cori,Aldin,caldingq@quantcast.com,Female,Egypt,Maţāy,809 Ridgeview Lane,219-613-4006
604,Skyler,Le feaver,slefeavergr@ameblo.jp,Male,Portugal,São Domingos,47 Union Avenue,106-508-2426
605,Ryan,Ielden,rieldengs@bizjournals.com,Male,Sweden,Tungelsta,97572 Clarendon Street,982-342-0004
606,Henry,Axten,haxtengt@forbes.com,Male,Russia,Terek,74 Morrow Place,335-636-8149
607,Auguste,Chanson,achansongu@statcounter.com,Female,Portugal,Roriz,0 Columbus Hill,682-379-8618
608,Travers,Taunton.,ttauntongv@w3.org,Male,Czech Republic,Jeseník,0 Hoffman Center,188-146-2899
609,Marlane,Datte,mdattegw@hostgator.com,Female,China,Xiangcunxiang,21 Red Cloud Lane,281-594-7113
610,Silvan,Sango,ssangogx@foxnews.com,Male,Brazil,Iguatu,32 Merrick Pass,928-300-7190
611,Jacenta,Gooly,jgoolygy@nationalgeographic.com,Female,Philippines,Bintawan,48170 Westridge Lane,396-993-6273
612,Dori,Marham,dmarhamgz@aboutads.info,Female,Thailand,Ratchathewi,4469 Kropf Place,367-220-2594
613,Joelynn,Omand,jomandh0@elpais.com,Female,Poland,Blachownia,0 Beilfuss Road,872-270-7701
614,Marin,Crinion,mcrinionh1@wordpress.com,Female,Bulgaria,Kaynardzha,48 Atwood Plaza,228-724-7073
615,Forbes,Cawdery,fcawderyh2@fc2.com,Male,Colombia,Facatativá,42303 Messerschmidt Circle,399-384-3216
616,Carolina,Bellham,cbellhamh3@pcworld.com,Female,Japan,Hisai,1244 Jenifer Center,471-107-6224
617,Agathe,Macy,amacyh4@fda.gov,Female,China,Chenggang,24 Darwin Plaza,910-402-1447
618,Paulita,Mirando,pmirandoh5@upenn.edu,Female,Indonesia,Sumurasin,56956 Union Junction,152-145-9516
619,Maighdiln,Grieveson,mgrievesonh6@is.gd,Female,Indonesia,Tulungrejo,41289 Cordelia Place,203-891-4135
620,Enoch,Kunkler,ekunklerh7@exblog.jp,Male,Iran,Sanandaj,02827 Coolidge Way,679-668-9966
621,Granny,Epdell,gepdellh8@wikimedia.org,Male,Afghanistan,Shibirghān,14176 West Drive,274-115-9547
622,Silvanus,De Giorgis,sdegiorgish9@ustream.tv,Male,Costa Rica,Esparza,44 School Road,718-990-2054
623,Tedi,Caesar,tcaesarha@geocities.com,Female,Philippines,Abangay,90 Hagan Crossing,950-631-6088
624,Em,Garritley,egarritleyhb@merriam-webster.com,Male,Portugal,Serzedo,28 Boyd Point,368-250-6788
625,Jammie,Larive,jlarivehc@google.it,Female,Peru,Pacaraos,05977 Graedel Avenue,102-209-5262
626,Julianne,Reis,jreishd@imdb.com,Female,Portugal,Escola,1427 Westerfield Parkway,816-192-6414
627,Birk,Brammall,bbrammallhe@admin.ch,Male,Belarus,Zamostochcha,20063 Hovde Lane,130-534-7427
628,Curr,Bullimore,cbullimorehf@aol.com,Male,Indonesia,Lubukalung,9532 Coleman Court,923-406-5618
629,Rikki,Chestle,rchestlehg@cargocollective.com,Male,Russia,Ordzhonikidzevskiy,38 Westend Crossing,876-296-7459
630,Ryon,Toffts,rtofftshh@e-recht24.de,Male,France,Montfavet,5 Talisman Alley,632-844-0398
631,Garry,Apperley,gapperleyhi@tuttocitta.it,Male,Czech Republic,Kosmonosy,0 Grim Parkway,688-512-0806
632,Maddie,Janusz,mjanuszhj@umn.edu,Female,Russia,Kovrov,23 2nd Place,787-731-6969
633,Renelle,Dunsire,rdunsirehk@flavors.me,Female,Philippines,La Hacienda,381 Susan Junction,742-711-5180
634,Corby,Castellaccio,ccastellacciohl@hc360.com,Male,Serbia,Požarevac,81 Old Shore Hill,857-949-3463
635,Lynnet,Sinyard,lsinyardhm@vinaora.com,Female,Nigeria,Oke Iho,4218 3rd Center,812-824-9015
636,Kelli,Hearfield,khearfieldhn@qq.com,Female,Brazil,Ábidos,47917 Lake View Parkway,663-950-9999
637,Annaliese,Rosenstock,arosenstockho@google.fr,Female,United States,Birmingham,5169 Fair Oaks Parkway,205-151-1548
638,Andrea,Strooband,astroobandhp@aol.com,Male,Philippines,Cut-cut Primero,9777 Eagan Place,173-168-7986
639,Spencer,Vallens,svallenshq@marketwatch.com,Male,Paraguay,Eusebio Ayala,78 Forest Run Junction,331-841-4201
640,Royal,Hampstead,rhampsteadhr@blogs.com,Male,Greenland,Upernavik,616 Reindahl Court,487-637-0827
641,Albie,D'eathe,adeathehs@cafepress.com,Male,China,Jinhe,94 Muir Junction,669-286-1988
642,Delbert,Father,dfatherht@dion.ne.jp,Male,Brazil,São Francisco do Conde,81901 Harbort Circle,505-114-7438
643,Jorie,Whorall,jwhorallhu@uol.com.br,Female,Croatia,Novalja,76 Lighthouse Bay Circle,414-229-0195
644,Rochester,Hamm,rhammhv@addthis.com,Male,China,Xinzhou,218 Schurz Plaza,222-129-0752
645,Madelyn,Lampard,mlampardhw@mapquest.com,Female,Gambia,Kunting,77554 Sunfield Center,677-313-8549
646,Bennett,Cramond,bcramondhx@arizona.edu,Male,China,Chaodi,64 Dennis Alley,982-816-7389
647,Haily,Choudhury,hchoudhuryhy@cnet.com,Male,Russia,Rzhev,4215 Novick Point,237-257-2025
648,Gennie,Swadlinge,gswadlingehz@myspace.com,Female,Syria,Şaydnāyā,8 Starling Park,937-838-7649
649,Nico,Wloch,nwlochi0@baidu.com,Male,Philippines,Daet,77091 Eagle Crest Court,174-641-9418
650,Virgil,Keerl,vkeerli1@alexa.com,Male,China,Hejiang,41618 Union Lane,447-743-5398
651,Myrvyn,Langcastle,mlangcastlei2@mapy.cz,Male,Philippines,Naagas,3435 Esch Alley,194-316-6325
652,Clyve,Nunn,cnunni3@elegantthemes.com,Male,Bulgaria,Chirpan,3942 Warner Center,626-647-0632
653,Dougie,Cobain,dcobaini4@irs.gov,Male,Ethiopia,Konso,601 Milwaukee Terrace,664-468-8017
654,Devi,Dillway,ddillwayi5@nydailynews.com,Female,Malta,Saint John,7 Gina Road,679-213-2588
655,Lindsey,McBrady,lmcbradyi6@nydailynews.com,Female,Brazil,Rio das Pedras,67 Crownhardt Way,860-402-8784
656,Amber,Tranfield,atranfieldi7@wordpress.com,Female,Sweden,Örebro,51 Oxford Drive,927-199-8290
657,Lorelei,Fitch,lfitchi8@dagondesign.com,Female,Argentina,Napenay,105 Miller Road,795-957-7292
658,Adriane,McNae,amcnaei9@qq.com,Female,Tajikistan,Abdurahmoni Jomí,92 Lindbergh Avenue,255-942-6986
659,Griselda,Hayle,ghayleia@histats.com,Female,Greece,Megalópoli,8 Bartelt Court,506-120-3485
660,Trudie,Rickasse,trickasseib@feedburner.com,Female,Russia,Dal’nerechensk,2 Caliangt Circle,207-321-0532
661,Nelie,Newbegin,nnewbeginic@amazon.co.jp,Female,Indonesia,Rajapeni,12217 Anderson Crossing,818-549-2064
662,Verla,Holleran,vholleranid@dailymail.co.uk,Female,United States,New York City,17 Shopko Alley,646-571-3330
663,Ginni,Nayshe,gnaysheie@php.net,Female,Kosovo,Obiliq,9 Moulton Alley,354-563-6605
664,Sheffield,Belison,sbelisonif@miitbeian.gov.cn,Male,China,Taobei,126 Memorial Road,922-457-6657
665,Margarete,Marle,mmarleig@intel.com,Female,Slovenia,Šmarje pri Jelšah,8466 Hauk Trail,540-243-6038
666,Shari,Frodsam,sfrodsamih@sohu.com,Female,China,Zhamog,6014 Anthes Plaza,741-135-6072
667,Jo,Lidyard,jlidyardii@epa.gov,Female,Portugal,Póvoa,1070 American Ash Court,902-602-6017
668,Wilfred,McArte,wmcarteij@cocolog-nifty.com,Male,China,Daqiao,69 Lukken Point,197-247-3292
669,Sonnnie,Burch,sburchik@sfgate.com,Female,China,Yingshouyingzi,426 Burrows Pass,298-637-5177
670,Herminia,Murfill,hmurfillil@latimes.com,Female,Ireland,Valleymount,723 Thackeray Drive,238-589-6984
671,Karlie,Wilmington,kwilmingtonim@angelfire.com,Female,Afghanistan,Faīẕābād,7520 Anthes Alley,537-416-9181
672,Vannie,Gockelen,vgockelenin@phoca.cz,Female,Somalia,Jilib,8 Oak Lane,623-169-1444
673,Alistair,Shirt,ashirtio@goo.ne.jp,Male,Indonesia,Kendayakan,82 Dovetail Trail,431-495-2655
674,Cyrillus,Gaddes,cgaddesip@zdnet.com,Male,Brazil,Perdões,8268 Eastlawn Way,520-888-9117
675,Callean,Tripett,ctripettiq@techcrunch.com,Male,Mexico,San Miguel,20 Riverside Trail,688-875-8955
676,Cherise,O'Cullinane,cocullinaneir@si.edu,Female,Armenia,Malishka,9 Susan Road,480-496-5548
677,Hamel,Goult,hgoultis@yahoo.com,Male,Syria,Al Qaryatayn,54 Texas Plaza,973-588-3570
678,Marv,Beck,mbeckit@deviantart.com,Male,Botswana,Mogapinyana,19328 Northfield Place,578-138-5043
679,Sherlock,Jancik,sjancikiu@topsy.com,Male,Poland,Walichnowy,724 Monument Pass,550-575-3975
680,Beverley,MacChaell,bmacchaelliv@uol.com.br,Female,Peru,Concepción,3914 Westridge Road,563-310-9484
681,Esra,Winsor,ewinsoriw@pagesperso-orange.fr,Male,China,Shunling,51249 Hermina Court,933-364-9157
682,Hillary,Ravenscroftt,hravenscrofttix@wired.com,Male,Honduras,Cucuyagua,4 Farmco Drive,859-350-7082
683,Guthry,Tottman,gtottmaniy@netvibes.com,Male,Morocco,Arazane,46 Donald Alley,275-702-6020
684,Gregorio,Perrin,gperriniz@boston.com,Male,China,Xiangyun,68 Scott Junction,503-361-1544
685,Arlana,Handover,ahandoverj0@bluehost.com,Female,Sweden,Torslanda,381 Karstens Lane,733-680-8290
686,Alair,Umpleby,aumplebyj1@theglobeandmail.com,Male,Czech Republic,Hořice,22444 Eastlawn Center,636-855-7304
687,Pansie,Howchin,phowchinj2@stumbleupon.com,Female,Brazil,Lagoa do Itaenga,592 Novick Way,268-887-8060
688,Hamil,Goodrum,hgoodrumj3@opera.com,Male,Indonesia,Sruki,05 Forest Road,234-149-9579
689,Conant,Linnemann,clinnemannj4@sitemeter.com,Male,Indonesia,Karano,95 Huxley Terrace,323-894-5037
690,Darrelle,Storer,dstorerj5@over-blog.com,Female,China,Qincheng,20 Little Fleur Terrace,445-279-4947
691,Harald,Roman,hromanj6@slashdot.org,Male,Poland,Pokój,6 Vernon Way,443-574-3136
692,Inez,Oxford,ioxfordj7@msu.edu,Female,Czech Republic,Česká Skalice,99 Alpine Crossing,672-166-1716
693,Jodi,Toopin,jtoopinj8@ibm.com,Female,Iceland,Laugar,78 Independence Avenue,465-601-4468
694,Tessie,Ridges,tridgesj9@timesonline.co.uk,Female,Netherlands,Brunssum,8 Old Shore Hill,340-197-9227
695,Daisie,Richardes,drichardesja@shop-pro.jp,Female,Slovenia,Šentrupert,51237 International Way,743-705-5465
696,Cull,Lannen,clannenjb@trellian.com,Male,China,Qiaobian,05 Kensington Center,368-948-2768
697,Liane,Schulkins,lschulkinsjc@umich.edu,Female,China,Xintun,28 Stoughton Avenue,241-579-6356
698,Leelah,Rourke,lrourkejd@github.com,Female,Russia,Dubrovka,24842 Luster Park,829-104-8986
699,Jonas,Coode,jcoodeje@mail.ru,Male,China,Ruihong,2 Kedzie Crossing,862-103-9067
700,Tuckie,Drain,tdrainjf@reddit.com,Male,Argentina,El Soberbio,888 Maywood Center,371-394-8807
701,Cindee,Portal,cportaljg@github.com,Female,China,Shinao,046 Mifflin Parkway,320-830-9017
702,Mufinella,Gilbertson,mgilbertsonjh@miitbeian.gov.cn,Female,Russia,Nakhabino,8310 Scott Hill,104-999-4439
703,Joly,Pealing,jpealingji@wikispaces.com,Female,Indonesia,Gunungmanik,9 Schmedeman Place,240-882-9879
704,Viviene,Witherup,vwitherupjj@jalbum.net,Female,Czech Republic,Velké Meziříčí,4848 Jenna Junction,164-991-6057
705,Arte,Farfoot,afarfootjk@usatoday.com,Male,China,Sidu,807 Sugar Hill,411-668-0986
706,Allard,Richardsson,arichardssonjl@skype.com,Male,Norway,Porsgrunn,584 Shelley Parkway,260-651-7759
707,Nessa,Fearnsides,nfearnsidesjm@whitehouse.gov,Female,China,Yangzi,38 South Pass,374-494-3504
708,Lillian,Chessor,lchessorjn@github.io,Female,Indonesia,Batang,91493 Oxford Center,706-697-7194
709,Kelvin,Silverlock,ksilverlockjo@buzzfeed.com,Male,Argentina,Mariano Moreno,429 Jay Junction,914-671-7528
710,Laurena,Philson,lphilsonjp@quantcast.com,Female,Philippines,Jarigue,59572 Beilfuss Drive,311-176-6484
711,Chloris,Sparkes,csparkesjq@aboutads.info,Female,Japan,Sugito,820 Kenwood Way,321-309-4276
712,Howey,Medcalfe,hmedcalfejr@guardian.co.uk,Male,Czech Republic,Oldřišov,642 Iowa Circle,407-800-5620
713,Keenan,Rushbury,krushburyjs@about.com,Male,Indonesia,Baleagung,1 Ronald Regan Road,469-522-9228
714,Reade,Drinkwater,rdrinkwaterjt@thetimes.co.uk,Male,Yemen,Al Misrākh,88 Mesta Hill,340-644-1254
715,Marlene,Piddlesden,mpiddlesdenju@kickstarter.com,Female,Senegal,Tiadiaye,3 Veith Lane,493-462-6508
716,Yvette,Ward,ywardjv@cmu.edu,Female,Philippines,Sagasa,45775 Pawling Junction,716-405-7432
717,Husain,Prandini,hprandinijw@fastcompany.com,Male,Mexico,Guadalupe,9 Donald Plaza,728-514-7202
718,Marven,Ainsley,mainsleyjx@gnu.org,Male,Libya,Giado,1 Maple Street,523-619-8189
719,Anjela,Millions,amillionsjy@pcworld.com,Female,Libya,Al Abyār,8456 Prairie Rose Place,941-486-5535
720,Morgen,Flanner,mflannerjz@linkedin.com,Female,Peru,Santa Rosa,76178 Clove Way,938-369-2395
721,Florian,Kinforth,fkinforthk0@cocolog-nifty.com,Male,Myanmar,Thaton,05 Sutherland Pass,689-885-5374
722,Joshua,Galletley,jgalletleyk1@imdb.com,Male,China,Beicheng,8890 Rieder Plaza,837-291-6542
723,Ileana,Agett,iagettk2@redcross.org,Female,Nigeria,Panyam,88 Scofield Parkway,523-305-0345
724,Talbot,Reaveley,treaveleyk3@pagesperso-orange.fr,Male,Indonesia,Poteran,6269 Emmet Way,765-697-2168
725,Maye,Milsom,mmilsomk4@ucla.edu,Female,Vietnam,Chợ Gạo,8 Lindbergh Junction,357-115-8570
726,Ivonne,Grubbe,igrubbek5@gov.uk,Female,Oman,Sufālat Samā’il,38159 Carey Court,926-946-4149
727,Drusie,Westoll,dwestollk6@bloglines.com,Female,Colombia,Cartagena,9 John Wall Junction,778-793-8506
728,Blake,Seeney,bseeneyk7@smugmug.com,Male,Indonesia,Sarkanjut,6 Ruskin Trail,125-825-7873
729,Mella,Sullens,msullensk8@scientificamerican.com,Female,Syria,Az Zarbah,9 Prairieview Lane,865-897-3473
730,Andreana,Bubear,abubeark9@toplist.cz,Female,Greece,Kinéta,4624 Fulton Street,529-221-1533
731,Julieta,McNeish,jmcneishka@goodreads.com,Female,Philippines,San Nicolas,4531 Heath Drive,947-777-0797
732,Janaye,Cookney,jcookneykb@oaic.gov.au,Female,China,Huaqiao,89 Independence Point,390-772-1554
733,Noble,Haglington,nhaglingtonkc@linkedin.com,Male,Brazil,Vinhedo,92487 Harbort Avenue,829-436-1055
734,Stanislaw,Pavese,spavesekd@pcworld.com,Male,Afghanistan,Bāzārak,89632 Lindbergh Court,788-100-7447
735,Johnny,Bunstone,jbunstoneke@de.vu,Male,China,Sanyang,743 Sachs Drive,162-784-8537
736,Rodina,Doorbar,rdoorbarkf@elpais.com,Female,Indonesia,Panyingkiran,373 Shasta Hill,337-541-3053
737,Valentine,Gilardengo,vgilardengokg@washington.edu,Female,Benin,Guilmaro,7 Kings Alley,572-280-7174
738,Alon,Fillan,afillankh@google.ca,Male,China,Xiangzikou,6 Thierer Hill,284-576-7321
739,Susette,Hymor,shymorki@ocn.ne.jp,Female,France,Forbach,443 Mandrake Avenue,382-895-8117
740,Elias,Edgehill,eedgehillkj@squidoo.com,Male,China,Putou,7759 Coleman Drive,432-375-9713
741,Gayla,Cobson,gcobsonkk@1und1.de,Female,Canada,Norman Wells,6 Golden Leaf Lane,956-114-3543
742,Gray,Riggey,griggeykl@naver.com,Male,Philippines,Nato,70034 Spaight Point,729-890-8520
743,Evangeline,Loyns,eloynskm@apache.org,Female,Indonesia,Sumberagung,3543 Ilene Street,719-771-3690
744,Nickolas,Fearnill,nfearnillkn@about.me,Male,China,Fengmu,9 High Crossing Street,249-671-2839
745,Burton,Licence,blicenceko@twitpic.com,Male,Philippines,Veruela,73917 Welch Hill,572-351-2471
746,Jobi,Wilgar,jwilgarkp@zdnet.com,Female,Russia,Severskaya,13743 Sachs Court,205-289-7257
747,Trudi,Kissick,tkissickkq@washington.edu,Female,Indonesia,Gununglarang,5236 Mandrake Place,602-115-0978
748,Rosemarie,Flaxman,rflaxmankr@studiopress.com,Female,Botswana,Francistown,8198 Waxwing Junction,498-550-7589
749,Noach,Tomkin,ntomkinks@time.com,Male,Colombia,Sibaté,2 Maple Wood Pass,129-366-2172
750,Alphard,Saberton,asabertonkt@omniture.com,Male,Portugal,Ponta Delgada,682 Longview Point,397-896-8744
751,Godfree,Cradoc,gcradocku@indiatimes.com,Male,China,Xiaba,96804 Sunbrook Lane,863-702-5131
752,Evangelia,Rizzetti,erizzettikv@biglobe.ne.jp,Female,United States,Salt Lake City,416 Ohio Crossing,801-860-7336
753,Wrennie,Helversen,whelversenkw@about.me,Female,Indonesia,Ngundaan,03181 Kingsford Street,176-297-1735
754,Ranna,Locard,rlocardkx@fotki.com,Female,Tajikistan,Dushanbe,81 Vahlen Crossing,681-606-9094
755,Cherish,Blanko,cblankoky@ezinearticles.com,Female,China,Liangcunchang,86 Buell Lane,264-317-6849
756,Luci,Beckles,lbeckleskz@umich.edu,Female,Canada,Vaudreuil-Dorion,32567 Forest Dale Trail,509-211-0516
757,Viole,Forsaith,vforsaithl0@moonfruit.com,Female,Indonesia,Bunisari,47637 Service Alley,891-527-6614
758,Kain,McPeake,kmcpeakel1@indiatimes.com,Male,China,Luxia,900 Superior Park,424-684-9880
759,Ruperta,Linzee,rlinzeel2@bluehost.com,Female,Czech Republic,Ráječko,2045 5th Parkway,705-275-3739
760,Drew,Hardy,dhardyl3@cmu.edu,Male,Russia,Sterlibashevo,37 Annamark Road,985-758-9682
761,Blanch,Handrock,bhandrockl4@blogtalkradio.com,Female,Finland,Haapajärvi,472 Memorial Circle,400-752-0834
762,Angel,Batty,abattyl5@unesco.org,Male,Philippines,Pansoy,13530 Algoma Way,261-712-5860
763,Lizzie,Martellini,lmartellinil6@microsoft.com,Female,Afghanistan,Chakaray,51 John Wall Drive,778-253-9211
764,Sileas,Larmet,slarmetl7@reverbnation.com,Female,Tanzania,Mafinga,78521 Kropf Lane,356-710-4323
765,Ilaire,Fairnington,ifairningtonl8@hhs.gov,Male,Philippines,Nunguan,5 Banding Terrace,454-399-5347
766,Mano,Pirri,mpirril9@gmpg.org,Male,Czech Republic,Vrbice,20 Bartelt Trail,832-691-7019
767,Norry,Outram,noutramla@bloomberg.com,Male,Indonesia,Krajan Dua Padomasan,8 West Center,201-877-3451
768,Milly,Olerenshaw,molerenshawlb@latimes.com,Female,China,Dawusu,480 Grayhawk Place,211-280-1155
769,Dalis,Knibley,dknibleylc@tumblr.com,Male,China,Hukou,64 Badeau Crossing,666-334-9719
770,Marwin,Older,molderld@comsenz.com,Male,Portugal,Louriceira,63063 Dorton Place,296-273-3481
771,Allistir,Entres,aentresle@yolasite.com,Male,China,Yinying,348 Briar Crest Hill,180-898-6868
772,Davidson,Piel,dpiellf@delicious.com,Male,Thailand,Bang Mun Nak,3852 Commercial Junction,342-804-3281
773,Hana,Winsley,hwinsleylg@qq.com,Female,France,Montfort-sur-Meu,33456 Stone Corner Center,886-581-8816
774,Allyn,Millin,amillinlh@topsy.com,Male,China,Daxing,90558 Golf Course Lane,508-592-9476
775,Vincenz,Townes,vtownesli@wisc.edu,Male,Russia,Zainsk,992 Vahlen Plaza,192-205-7100
776,Kenneth,Danick,kdanicklj@imdb.com,Male,Sweden,Olofström,62539 Spohn Way,187-772-8573
777,Jabez,Fordy,jfordylk@oakley.com,Male,China,Xiaji,2 Commercial Crossing,327-913-8075
778,Garvey,Fryer,gfryerll@statcounter.com,Male,Cyprus,Sotíra,63146 Claremont Park,164-837-2920
779,Roxane,O'Shea,roshealm@google.es,Female,Central African Republic,Ouadda,9002 South Court,245-738-6600
780,Koressa,Humphris,khumphrisln@mlb.com,Female,Colombia,Guataquí,7 Village Park,402-193-2775
781,Georas,Sollas,gsollaslo@dailymotion.com,Male,Indonesia,Leuweheq,70 Shoshone Lane,274-257-9659
782,Richart,Kinsley,rkinsleylp@about.com,Male,Philippines,Montilla,833 Service Circle,535-291-8523
783,Orren,Ilive,oilivelq@quantcast.com,Male,Russia,Khuzhir,684 Fair Oaks Court,939-498-8657
784,Konstanze,Andreu,kandreulr@aboutads.info,Female,Niger,Birni N Konni,42 Jay Way,778-528-1338
785,Rossie,Eymor,reymorls@cnet.com,Male,Japan,Ichinohe,04 East Drive,956-834-0543
786,Isaak,Lodevick,ilodevicklt@techcrunch.com,Male,Indonesia,Pandean,83 Warrior Circle,455-241-2335
787,Monro,Stuart,mstuartlu@google.it,Male,Indonesia,Babirik,86509 Bayside Hill,473-891-9067
788,Jolynn,Carnaman,jcarnamanlv@theguardian.com,Female,Indonesia,Banjar Dauhpura,2 Russell Pass,461-910-5695
789,Mal,Dallaghan,mdallaghanlw@youku.com,Male,Argentina,Chamical,046 Shopko Hill,554-103-0362
790,Krisha,Hanigan,khaniganlx@is.gd,Male,China,Cezi,36 Summit Point,385-198-0440
791,Jocko,Hulstrom,jhulstromly@opensource.org,Male,Ivory Coast,Biankouma,0007 Jay Circle,887-272-2844
792,Kimberlee,Cownden,kcowndenlz@e-recht24.de,Female,China,Xinzhou,00 Emmet Hill,221-610-7382
793,Linda,Lancett,llancettm0@opera.com,Female,China,Longbei,0 Florence Drive,667-481-1316
794,Cindie,Finder,cfinderm1@amazon.com,Female,Yemen,Al Ma‘allā’,744 Dakota Parkway,957-520-6387
795,Haleigh,Murrum,hmurrumm2@altervista.org,Female,Philippines,Dinaig,90 1st Street,313-759-3639
796,Cesaro,Ivens,civensm3@prweb.com,Male,Tunisia,Zouila,0 Independence Crossing,978-594-1727
797,Lamar,Anthoine,lanthoinem4@lulu.com,Male,Poland,Gromadka,03883 Hooker Court,977-375-7829
798,Conrado,Howel,chowelm5@t-online.de,Male,Peru,Conchucos,90 Manitowish Lane,750-956-2205
799,Kane,Spohrmann,kspohrmannm6@wiley.com,Male,Russia,Berezniki,1 Merrick Place,426-784-3629
800,Janice,Bernlin,jbernlinm7@theatlantic.com,Female,Philippines,Dagup,2806 Mallard Avenue,929-325-2198
801,Jillene,Edgerly,jedgerlym8@cbslocal.com,Female,Spain,Fuenlabrada,62850 Cherokee Way,831-334-6984
802,Caren,Kantor,ckantorm9@google.pl,Female,Mexico,San Sebastian,08 Corben Junction,802-306-7435
803,Duff,Thacke,dthackema@edublogs.org,Male,Mexico,La Esperanza,3222 Weeping Birch Terrace,344-444-1547
804,Matilda,Cundey,mcundeymb@utexas.edu,Female,Colombia,San Juan del Cesar,86 Kennedy Circle,463-344-6284
805,Nora,Hunnywell,nhunnywellmc@flavors.me,Female,China,Fuli,93802 Nelson Lane,785-117-4451
806,Mollee,Mariet,mmarietmd@redcross.org,Female,Bolivia,Yacuíba,43967 Talmadge Plaza,810-640-1533
807,Casar,Frigout,cfrigoutme@ox.ac.uk,Male,Sudan,Ar Rahad,97 Utah Road,964-633-9491
808,Lina,Kelsall,lkelsallmf@ezinearticles.com,Female,Thailand,Yarang,25420 Dapin Trail,447-129-1014
809,Leigh,Woolrich,lwoolrichmg@unblog.fr,Male,China,Gaotang,55 Hansons Trail,165-229-8025
810,Fredelia,Curson,fcursonmh@csmonitor.com,Female,Indonesia,Rajadesa,20974 Fulton Junction,406-381-0182
811,Elbertine,Doumenc,edoumencmi@ameblo.jp,Female,Indonesia,Ciperang,1622 Twin Pines Place,371-115-8313
812,Salomo,Isenor,sisenormj@tmall.com,Male,China,Daliuhao,07972 Debra Parkway,716-145-4831
813,Emory,Brosio,ebrosiomk@bloglovin.com,Male,Poland,Sułoszowa,5 Carberry Trail,903-844-5077
814,Augustine,Davidek,adavidekml@vimeo.com,Female,Palestinian Territory,Dayr Sāmit,86 Onsgard Pass,738-717-8697
815,Zahara,McIlraith,zmcilraithmm@ihg.com,Female,Brazil,Sete Lagoas,46225 Gerald Street,264-672-3421
816,Worthy,Gilliard,wgilliardmn@t.co,Male,Guatemala,San Pedro Ayampuc,7 Hanover Trail,521-415-0502
817,Paige,Jesper,pjespermo@auda.org.au,Male,Russia,Novopokrovskaya,208 Dapin Pass,840-511-3878
818,Cristal,Kasbye,ckasbyemp@newyorker.com,Female,Uruguay,Ecilda Paullier,505 Paget Place,245-868-8132
819,Wilburt,Kingscote,wkingscotemq@bloglines.com,Male,Ivory Coast,Tiassalé,288 Pawling Center,237-739-0603
820,Jessey,Horley,jhorleymr@abc.net.au,Male,Mexico,Santa Elena,485 4th Parkway,149-428-0186
821,Cobb,Stebbings,cstebbingsms@163.com,Male,Philippines,Sagbayan,5 Declaration Point,501-145-1320
822,Ambrosi,Sabben,asabbenmt@so-net.ne.jp,Male,Sweden,Danderyd,07764 Elka Street,291-304-1683
823,Robby,Howchin,rhowchinmu@cbslocal.com,Male,Thailand,Srinagarindra,05395 Lyons Lane,701-152-2609
824,Burton,Edes,bedesmv@indiatimes.com,Male,Peru,Pacucha,796 Schurz Center,304-272-0110
825,Hardy,McBryde,hmcbrydemw@google.com.br,Male,Mexico,Bellavista,0867 Blue Bill Park Junction,358-176-3507
826,Gisela,Stolz,gstolzmx@cloudflare.com,Female,Indonesia,Desa Borogojol,3216 Meadow Ridge Terrace,164-870-3765
827,Blakeley,Waldram,bwaldrammy@flavors.me,Female,Netherlands,'s-Hertogenbosch,3 Melrose Center,537-819-2833
828,Jayson,Brandli,jbrandlimz@sourceforge.net,Male,Ecuador,Esmeraldas,98138 Sundown Parkway,949-775-8539
829,Godfrey,Collip,gcollipn0@dyndns.org,Male,Brazil,São João da Boa Vista,9 Elgar Parkway,356-396-2193
830,Wayne,Worthington,wworthingtonn1@wix.com,Male,Indonesia,Mranggen,542 Nova Trail,913-242-6736
831,Arnie,Zorzi,azorzin2@zdnet.com,Male,China,Songzhuang,74640 Hanover Terrace,468-742-9544
832,Jillana,Eisikowitz,jeisikowitzn3@huffingtonpost.com,Female,Philippines,Bula,93 Meadow Ridge Way,641-477-3513
833,Sibbie,Bulley,sbulleyn4@devhub.com,Female,Portugal,Castelo,7 Rieder Lane,232-384-7931
834,Ondrea,Winterbottom,owinterbottomn5@plala.or.jp,Female,United States,Boulder,0442 Glendale Pass,720-199-5876
835,Erinn,Bailiss,ebailissn6@washington.edu,Female,Brazil,São Sebastião,8 Bowman Alley,593-973-6645
836,Gav,Camilleri,gcamillerin7@cornell.edu,Male,Portugal,Sardoal,55344 Artisan Parkway,813-888-0989
837,Regen,Cockayne,rcockaynen8@photobucket.com,Male,Czech Republic,Třešť,40 Talmadge Hill,253-725-6755
838,Melany,Pinkard,mpinkardn9@mediafire.com,Female,Canada,Thorold,24 Pleasure Alley,588-125-4734
839,Rodd,Pearmain,rpearmainna@51.la,Male,France,Strasbourg,390 Mariners Cove Terrace,243-327-0569
840,Bailey,Leare,blearenb@springer.com,Male,Argentina,Capayán,87 Waxwing Avenue,659-123-7484
841,Stanfield,Hannaby,shannabync@prlog.org,Male,Canada,Osoyoos,995 Grim Place,824-122-5905
842,Eldredge,Myrkus,emyrkusnd@ed.gov,Male,China,Chaoyang,524 Portage Hill,641-777-6101
843,Merrile,Sweetzer,msweetzerne@ameblo.jp,Female,Ukraine,Kolochava,060 Thackeray Street,535-386-9692
844,Brandy,Geany,bgeanynf@fda.gov,Female,France,Orvault,09058 Service Avenue,387-793-3693
845,Darnell,Styles,dstylesng@ucla.edu,Male,Colombia,Chinú,4641 Northland Way,124-443-9627
846,Linea,Newband,lnewbandnh@csmonitor.com,Female,Ukraine,Kapitanivka,612 Rigney Court,557-700-4210
847,Stacie,Juzek,sjuzekni@ning.com,Female,Indonesia,Jambubol,5 Texas Hill,974-829-7244
848,Elwin,Tonks,etonksnj@yandex.ru,Male,Albania,Sukth,4166 Continental Alley,617-389-3967
849,Mommy,Fawlks,mfawlksnk@go.com,Female,China,Kongjiafang,66572 Norway Maple Drive,735-748-6948
850,Gabriellia,Acedo,gacedonl@mtv.com,Female,Russia,Neftegorsk,1010 Village Junction,428-168-8976
851,Shamus,Digg,sdiggnm@weather.com,Male,Peru,Iquipi,5105 Northridge Pass,944-598-6425
852,Kort,Axell,kaxellnn@sfgate.com,Male,Brazil,São Manuel,6 Longview Junction,745-947-5426
853,Oliviero,Woolveridge,owoolveridgeno@state.gov,Male,Indonesia,Matur,12 Milwaukee Street,348-878-0226
854,Read,Filipson,rfilipsonnp@xing.com,Male,Philippines,Lugo,3051 Merrick Crossing,564-984-4343
855,Rosene,Wrightim,rwrightimnq@usa.gov,Female,Philippines,Guimbal,8 Northview Plaza,300-413-8578
856,Esma,Peddar,epeddarnr@ustream.tv,Female,Venezuela,Güiria,901 Oakridge Road,243-759-2531
857,Harold,Leman,hlemanns@nhs.uk,Male,Mexico,Buenavista,848 Ronald Regan Point,624-997-7016
858,Guillema,Menicomb,gmenicombnt@narod.ru,Female,Philippines,Kolambugan,236 Crownhardt Lane,849-341-8586
859,Kenn,Zupone,kzuponenu@dedecms.com,Male,South Africa,Hartswater,195 High Crossing Lane,210-864-5962
860,Lilyan,Gentery,lgenterynv@typepad.com,Female,Denmark,Frederiksberg,878 Walton Drive,173-698-0232
861,Chrissie,Seagrove,cseagrovenw@4shared.com,Male,Indonesia,Jedung,979 Packers Center,657-553-5321
862,Benedick,Whitter,bwhitternx@so-net.ne.jp,Male,Brazil,Camocim,834 Crownhardt Junction,837-266-8545
863,Loretta,Gouldstraw,lgouldstrawny@nydailynews.com,Female,China,Dengfeng,63 Delladonna Trail,563-637-7254
864,Clemmie,McMenemy,cmcmenemynz@rakuten.co.jp,Male,China,Jiucaigou,81 Victoria Drive,609-534-9668
865,Briny,Yanne,byanneo0@behance.net,Female,France,Saint-Cloud,04 Larry Circle,989-103-6533
866,Drusie,Brommage,dbrommageo1@desdev.cn,Female,China,Gongnong,07019 New Castle Terrace,797-423-5671
867,Tiebout,McGreil,tmcgreilo2@e-recht24.de,Male,France,Châteaudun,43 Ridge Oak Pass,350-790-8442
868,Debbie,Blazynski,dblazynskio3@nhs.uk,Female,Poland,Suchy Dąb,9649 Oneill Hill,484-325-5495
869,Fletch,Tunney,ftunneyo4@google.pl,Male,Brazil,Corumbá,9585 Sullivan Crossing,414-635-1922
870,Mireielle,Redhole,mredholeo5@aol.com,Female,Czech Republic,Příšovice,4 Stephen Road,685-891-4631
871,Sib,Abreheart,sabrehearto6@quantcast.com,Female,Cuba,Urbano Noris,46924 Towne Park,968-962-4486
872,Colleen,Henrichs,chenrichso7@upenn.edu,Female,Poland,Rybczewice,91 Blaine Way,568-537-4856
873,Meyer,Hethron,mhethrono8@newsvine.com,Male,Indonesia,Curug,28 Brown Center,226-496-5791
874,Averil,McCurry,amccurryo9@yolasite.com,Male,Philippines,Cartagena,81 Prairieview Avenue,815-396-8179
875,Katheryn,Blandamere,kblandamereoa@cpanel.net,Female,North Korea,Hyesan-si,3 Farragut Court,678-980-3310
876,Ula,Hillaby,uhillabyob@de.vu,Female,Canada,Trail,4177 Hanson Circle,860-911-9902
877,Lambert,Christiensen,lchristiensenoc@thetimes.co.uk,Male,Indonesia,Cihaur,0069 Burning Wood Terrace,218-210-7431
878,Erich,Priestner,epriestnerod@google.co.jp,Male,Indonesia,Anoek,8298 Hovde Park,167-111-4113
879,Gardie,Hellin,ghellinoe@mail.ru,Male,Canada,Windsor,606 Clyde Gallagher Trail,723-200-4865
880,Dorree,Antonetti,dantonettiof@google.com,Female,Indonesia,Gelatik,93155 Spaight Point,553-848-2121
881,Cordy,Tranckle,ctranckleog@example.com,Female,Indonesia,Gondanglegi Wetan,21897 Haas Parkway,779-743-7432
882,Dannel,Reynish,dreynishoh@ask.com,Male,China,Zhanghua,47114 Lindbergh Place,458-444-2060
883,Codie,Pinchen,cpinchenoi@ucoz.com,Female,China,Zhongcheng,8 Golden Leaf Park,798-450-7875
884,Martino,Woodhall,mwoodhalloj@senate.gov,Male,China,Wulin,0074 Bluestem Crossing,299-366-0818
885,Alasteir,Yearne,ayearneok@cargocollective.com,Male,China,Puqian,164 Scofield Street,364-888-9042
886,Ursola,Luckcock,uluckcockol@i2i.jp,Female,Indonesia,Ungaran,77827 Dunning Parkway,930-390-0312
887,Lev,Coales,lcoalesom@1und1.de,Male,Czech Republic,Zeleneč,1 Hagan Drive,357-575-6518
888,Puff,Skull,pskullon@discuz.net,Male,Iran,Bāgh-e Malek,623 Warbler Park,699-311-5105
889,Conrado,Jerrolt,cjerroltoo@skype.com,Male,Nigeria,Igbo-Ukwu,0 Moland Lane,860-436-2963
890,Diego,Vasyagin,dvasyaginop@reverbnation.com,Male,Malaysia,Petaling Jaya,10 Sunnyside Trail,297-254-8578
891,Gui,Clyma,gclymaoq@squarespace.com,Female,Russia,Sernovodsk,893 Shopko Terrace,512-672-6686
892,Tannie,Haney`,thaneyor@admin.ch,Male,Portugal,Funchal,76 Prairie Rose Place,928-378-6411
893,Baily,Jelphs,bjelphsos@cdbaby.com,Male,United States,Lincoln,43716 Carpenter Junction,402-181-7106
894,Darryl,Hanssmann,dhanssmannot@prnewswire.com,Male,Philippines,Valencia,966 Di Loreto Center,852-400-5373
895,Harmon,Frisby,hfrisbyou@issuu.com,Male,China,Jietou,07 Sycamore Drive,669-258-9826
896,Anitra,Dedman,adedmanov@irs.gov,Female,Uganda,Bukomansimbi,80160 Lotheville Hill,717-547-1374
897,Valentin,Girardez,vgirardezow@vinaora.com,Male,Italy,Brescia,99197 Arizona Circle,366-298-9138
898,Vachel,Sute,vsuteox@home.pl,Male,Indonesia,Ngelak,48 Superior Parkway,940-178-6345
899,Laure,Hargey,lhargeyoy@livejournal.com,Female,Portugal,Fornos de Algodres,3134 Thierer Park,612-396-8249
900,Valentia,Claiton,vclaitonoz@twitpic.com,Female,Indonesia,Butungan,0 Larry Court,940-854-5462
901,Kissie,Froom,kfroomp0@freewebs.com,Female,Armenia,Tsaghkunk’,76 Tennessee Point,119-758-7866
902,Enriqueta,Minster,eminsterp1@skype.com,Female,Vietnam,Quảng Ngãi,0 Elmside Center,750-260-1400
903,Reidar,Kiehne,rkiehnep2@blogtalkradio.com,Male,China,Taiyanghe,057 Prentice Way,102-316-3085
904,Verina,Wisham,vwishamp3@diigo.com,Female,Russia,Sobinka,13443 Starling Lane,246-355-0602
905,Astrid,Hauch,ahauchp4@google.nl,Female,Nepal,Nepalgunj,5 Daystar Center,997-348-8333
906,Lesly,Billyard,lbillyardp5@facebook.com,Female,Uruguay,Villa del Carmen,0906 Pond Point,519-772-9076
907,Rozanne,Yurkiewicz,ryurkiewiczp6@pagesperso-orange.fr,Female,Sweden,Sundsvall,027 Center Parkway,647-458-6344
908,Lorelle,Dearth,ldearthp7@un.org,Female,Croatia,Žrnovo,07897 Pearson Terrace,599-139-5532
909,Judith,Fredi,jfredip8@fema.gov,Female,Portugal,Vales,52 Sunbrook Court,273-340-1412
910,Cirstoforo,Francesconi,cfrancesconip9@google.nl,Male,Samoa,Safotulafai,0070 Sherman Circle,657-589-8544
911,Jenilee,Naile,jnailepa@amazon.co.uk,Female,China,Erenhot,79 Anthes Avenue,446-797-4875
912,Fawn,Bassill,fbassillpb@sakura.ne.jp,Female,Sweden,Kilafors,4769 Golf Course Pass,547-222-7928
913,Bond,Woods,bwoodspc@miitbeian.gov.cn,Male,Sweden,Götene,7243 Atwood Junction,336-387-1120
914,Dell,Catford,dcatfordpd@privacy.gov.au,Female,United States,Spartanburg,79 Scoville Road,864-544-2315
915,Gannon,Curdell,gcurdellpe@netvibes.com,Male,Ukraine,Plakhtiyivka,1377 Dorton Avenue,599-229-8118
916,Godfrey,Osgodby,gosgodbypf@cam.ac.uk,Male,Thailand,Bang Sao Thong,755 Mockingbird Center,221-495-3035
917,Roxi,Hegarty,rhegartypg@ning.com,Female,Portugal,Barrosas,3753 Almo Place,983-695-4431
918,Nobie,Descroix,ndescroixph@wisc.edu,Male,Yemen,Az̧ Z̧alī‘ah,65 Del Sol Circle,736-355-9084
919,Pebrook,Flowitt,pflowittpi@mapquest.com,Male,Norway,Fredrikstad,486 Monica Terrace,783-449-5838
920,Starr,Yarnell,syarnellpj@nytimes.com,Female,China,Guanxi,5 Nevada Place,807-490-9571
921,Elroy,Lissenden,elissendenpk@mit.edu,Male,Indonesia,Mojokerto,800 Dottie Circle,160-581-1172
922,Ambur,Streeting,astreetingpl@joomla.org,Female,Indonesia,Krayen,926 Coolidge Place,728-118-4714
923,Pepito,Maggi,pmaggipm@networkadvertising.org,Male,Brazil,Osasco,2471 Acker Parkway,584-381-2739
924,Kev,Astin,kastinpn@sun.com,Male,China,Baisha,9682 Porter Alley,471-142-5956
925,Brigida,Pinnick,bpinnickpo@over-blog.com,Female,Argentina,Basail,0586 Dapin Parkway,458-314-9975
926,Vera,Ness,vnesspp@vimeo.com,Female,Brazil,Alfenas,59274 Northland Avenue,975-810-3803
927,Lion,McJarrow,lmcjarrowpq@eventbrite.com,Male,Zimbabwe,Esigodini,2 Jenna Circle,503-952-4513
928,Perle,Mc Curlye,pmccurlyepr@trellian.com,Female,Russia,Parizh,3 Forest Alley,637-748-5772
929,Nappy,Featherstonhalgh,nfeatherstonhalghps@cargocollective.com,Male,Greece,Agía Foteiní,4 Brentwood Avenue,293-886-3680
930,Kipper,Davidovicz,kdavidoviczpt@hostgator.com,Male,Jordan,Kurayyimah,7132 Morningstar Terrace,589-413-9939
931,Kellby,Haresnape,kharesnapepu@apple.com,Male,China,Yong’an,54 Stone Corner Circle,451-471-3444
932,Crista,Upton,cuptonpv@omniture.com,Female,Indonesia,Banjeru,02801 Swallow Point,944-289-9469
933,Petronia,Vurley,pvurleypw@nymag.com,Female,Bolivia,Cliza,46 Hagan Park,381-976-6807
934,Shandeigh,Counihan,scounihanpx@lulu.com,Female,Brazil,Várzea Alegre,8684 Lien Park,684-766-7426
935,Teodorico,Connal,tconnalpy@moonfruit.com,Male,Costa Rica,Paquera,36 Cottonwood Avenue,253-824-4566
936,Adolph,Teresia,ateresiapz@flickr.com,Male,Brazil,Conceição do Jacuípe,820 Atwood Avenue,360-320-5525
937,Katrinka,Glentz,kglentzq0@tiny.cc,Female,Canada,Summerside,8264 Eagle Crest Parkway,969-492-7325
938,Libbey,Surman-Wells,lsurmanwellsq1@about.me,Female,Philippines,Lunao,17724 Scofield Street,241-416-0950
939,Catarina,Hurren,churrenq2@huffingtonpost.com,Female,China,Guanba,4122 Fairview Point,884-436-7988
940,Eddie,Celler,ecellerq3@cdbaby.com,Female,Indonesia,Sendung,830 Fairview Alley,703-787-4726
941,Brittan,Dhenin,bdheninq4@wix.com,Female,Venezuela,La Mula,9 Ludington Plaza,953-500-8328
942,Amby,Bulloch,abullochq5@weather.com,Male,Ukraine,Zaozerne,274 Kennedy Lane,253-357-2714
943,Ezequiel,Midgely,emidgelyq6@icq.com,Male,Chile,Lautaro,3 Milwaukee Lane,382-742-6063
944,Hazel,Meriguet,hmeriguetq7@cam.ac.uk,Male,Yemen,Ḩammām Damt,7 Meadow Valley Junction,558-163-3138
945,Corny,Gellan,cgellanq8@fda.gov,Female,Poland,Siennica Różana,1120 Texas Center,665-275-8979
946,Antonio,Rousell,arousellq9@yelp.com,Male,Croatia,Klana,71092 Bluejay Crossing,100-314-2495
947,Valentino,O'Nowlan,vonowlanqa@imageshack.us,Male,Russia,Znamenka,77 Vidon Junction,381-152-0086
948,Creigh,Poge,cpogeqb@usnews.com,Male,Paraguay,Tobatí,4019 Waxwing Alley,851-483-9592
949,Immanuel,Wimbury,iwimburyqc@reference.com,Male,Yemen,Sūq ar Rabū‘,7789 Main Pass,267-872-4169
950,Martainn,Munson,mmunsonqd@sohu.com,Male,China,Jiutai,1 Pierstorff Park,681-910-4977
951,Pablo,Gronaver,pgronaverqe@photobucket.com,Male,Indonesia,Golomunta,65503 Commercial Trail,334-982-6103
952,Jeniffer,MacIlory,jmaciloryqf@list-manage.com,Female,Poland,Ozorków,3 Memorial Crossing,566-707-7874
953,Janeczka,Brandli,jbrandliqg@phpbb.com,Female,Brazil,Ipueiras,9466 Waxwing Court,490-208-3637
954,Kalle,Cricket,kcricketqh@behance.net,Male,China,Cuijiaqiao,64 Forster Crossing,431-904-0879
955,Mauricio,Ashingden,mashingdenqi@aboutads.info,Male,Bulgaria,Bolyarovo,741 Anniversary Court,722-793-2024
956,Lorene,Brumfitt,lbrumfittqj@paginegialle.it,Female,Russia,Tsaritsyno,5402 Pennsylvania Hill,117-315-2149
957,Elisha,Vitte,evitteqk@google.pl,Female,Indonesia,Nularan,9 Artisan Court,577-630-2337
958,Brynn,Jon,bjonql@mit.edu,Female,Ecuador,Catamayo,81046 Veith Alley,174-187-7926
959,Chane,Thorald,cthoraldqm@wordpress.com,Male,Latvia,Rucava,330 Merchant Alley,961-786-5601
960,Sutherland,Dalgardno,sdalgardnoqn@nih.gov,Male,Philippines,Mabua,7253 Butternut Pass,497-695-7126
961,Kellie,MacAfee,kmacafeeqo@last.fm,Female,Sweden,Stockholm,84 Bunting Drive,842-749-3991
962,Braden,Londors,blondorsqp@nhs.uk,Male,France,Saint-Dizier,84 Anderson Trail,694-618-4423
963,Syman,Bachelar,sbachelarqq@sina.com.cn,Male,Portugal,Póvoa,417 Helena Trail,505-292-1655
964,Reinald,Ginn,rginnqr@senate.gov,Male,China,Chengjiao,500 Veith Court,430-321-3358
965,Clementius,Lye,clyeqs@howstuffworks.com,Male,Iceland,Reykjanesbær,92627 Rigney Street,691-471-4365
966,Jacintha,Maccrie,jmaccrieqt@spotify.com,Female,Philippines,Don Carlos,067 Hudson Point,833-690-0249
967,Berrie,Worsalls,bworsallsqu@artisteer.com,Female,Philippines,Maria,0013 Maywood Place,389-341-5489
968,Marilee,Dorricott,mdorricottqv@artisteer.com,Female,Sweden,Täby,57679 Hanover Avenue,356-603-4598
969,Olivie,Ciepluch,ociepluchqw@kickstarter.com,Female,Philippines,Santa Catalina Norte,8915 Butterfield Lane,268-529-3824
970,Prissie,Propper,ppropperqx@archive.org,Female,Indonesia,Ringinrejo,7337 Union Court,478-399-6143
971,Heida,Marke,hmarkeqy@ning.com,Female,Indonesia,Arbais,59 Reindahl Place,959-132-0435
972,Floris,Duran,fduranqz@usatoday.com,Female,Costa Rica,Siquirres,2722 Messerschmidt Avenue,423-596-4015
973,Tiler,Pyper,tpyperr0@intel.com,Male,Kazakhstan,Oktyabr’sk,8 Hayes Way,322-323-8772
974,Davon,Grandison,dgrandisonr1@cnn.com,Male,South Korea,Heung-hai,8 Glendale Plaza,682-680-8136
975,Sofie,Christensen,schristensenr2@indiatimes.com,Female,Russia,Tarasovskiy,4372 Spohn Terrace,226-506-3604
976,Austen,Eldrett,aeldrettr3@furl.net,Male,Russia,Podporozh’ye,66 Haas Pass,898-145-2794
977,Dante,Tebbit,dtebbitr4@slate.com,Male,Russia,Inya,08 Acker Place,473-609-0208
978,Shea,Bockett,sbockettr5@gmpg.org,Male,France,Saint-Jean-de-Monts,6 Thompson Place,730-276-6793
979,Britni,Celier,bcelierr6@list-manage.com,Female,Estonia,Tabivere,097 Moulton Circle,262-385-6465
980,Keene,Lapish,klapishr7@youtu.be,Male,China,Guanting,09 Del Sol Trail,511-895-0694
981,Jereme,Plimmer,jplimmerr8@baidu.com,Male,Indonesia,Cintawana,94 Del Sol Hill,996-998-7517
982,Johann,Parnall,jparnallr9@princeton.edu,Male,Japan,Chitose,43 Killdeer Crossing,144-376-4002
983,Faythe,Yandle,fyandlera@auda.org.au,Female,Hungary,Budapest,25698 Ridgeview Road,914-787-9023
984,Alexandros,Lawless,alawlessrb@engadget.com,Male,Poland,Działdowo,5160 Westport Parkway,285-123-3144
985,Truman,Tookey,ttookeyrc@sogou.com,Male,United States,Daytona Beach,8 Magdeline Crossing,386-384-7858
986,Godfrey,Isakowicz,gisakowiczrd@list-manage.com,Male,Chile,Chile Chico,9372 Reinke Junction,454-547-2924
987,Sebastian,Fessions,sfessionsre@intel.com,Male,Norway,Moss,34 Elmside Parkway,427-480-7647
988,Northrup,Sharer,nsharerrf@phpbb.com,Male,New Caledonia,Fayaoué,9 Raven Terrace,454-527-0854
989,Kalle,Menure,kmenurerg@sohu.com,Male,Dominican Republic,Cevicos,786 Hooker Junction,630-998-4267
990,Normy,Barbara,nbarbararh@ucsd.edu,Male,Nigeria,Ozubulu,08106 Katie Alley,551-790-3714
991,Marielle,Waddams,mwaddamsri@blog.com,Female,China,Xinmin,50423 John Wall Circle,524-583-4249
992,Dita,Hubbart,dhubbartrj@imgur.com,Female,Russia,Vykhino-Zhulebino,5957 Rusk Avenue,570-344-7137
993,Sherwin,Shellibeer,sshellibeerrk@unblog.fr,Male,Mexico,Benito Juarez,90 John Wall Alley,482-183-6205
994,Ede,Gergus,egergusrl@google.co.jp,Female,China,Zhongmen,5 Pepper Wood Way,956-349-4773
995,Marshal,Causon,mcausonrm@github.com,Male,Poland,Łopuszna,88 Southridge Pass,441-926-2463
996,Axel,Hankard,ahankardrn@mac.com,Male,Cyprus,Akaki,328 Merchant Place,388-335-8682
997,Constancy,Olsen,colsenro@tuttocitta.it,Female,Morocco,Tabant,1740 Butternut Circle,493-403-5137
998,Eberto,Crutcher,ecrutcherrp@ning.com,Male,Armenia,Ejmiatsin,4 Fair Oaks Lane,806-305-5768
999,Artus,Kydde,akydderq@yellowbook.com,Male,United States,Los Angeles,30888 Bay Trail,323-568-1888
1000,Fanni,Tytterton,ftyttertonrr@seattletimes.com,Female,Vietnam,Thị Trấn Na Hang,0 Bashford Trail,306-593-1383
