id,first_name,last_name,email,gender,country,city,street,phone_number
1,Angelia,Searchfield,asearchfield0@google.ca,Female,Indonesia,Ulimonong,68 Maple Lane,264-564-3631
2,Myron,Skyrm,mskyrm1@comcast.net,Male,Peru,Asquipata,170 Continental Center,560-366-8197
3,Meredithe,Shreenan,mshreenan2@pcworld.com,Female,Nigeria,Saki,0597 Boyd Drive,785-379-3405
4,Lloyd,Mussared,lmussared3@discuz.net,Male,Ireland,Milltown,6 Anthes Court,756-859-7536
5,Joseito,Haysman,jhaysman4@globo.com,Male,China,Xintian,1488 Transport Lane,752-236-3816
6,Corbie,de Bullion,cdebullion5@usda.gov,Male,Canada,Cabano,5 Loeprich Trail,999-472-4390
7,Obie,Baglan,obaglan6@foxnews.com,Male,Ukraine,Verkhnye Syn’ovydne,69289 Ridgeview Terrace,977-104-3877
8,Devinne,McDaid,dmcdaid7@java.com,Female,Philippines,Catayauan,74 Eliot Avenue,547-939-6743
9,Gerda,Santi,gsanti8@smh.com.au,Female,China,Xuwei,25996 Cody Center,429-617-3575
10,Tan,Orsay,torsay9@facebook.com,Male,Bosnia and Herzegovina,Ostrožac,4156 Bluejay Alley,433-121-0092
11,Andrej,Canfield,acanfielda@moonfruit.com,Male,Canada,Two Hills,55487 Ridge Oak Hill,257-467-5662
12,Michel,Gosford,mgosfordb@plala.or.jp,Female,Canada,Aylmer,06 Kedzie Plaza,159-790-8564
13,Grenville,Handrik,ghandrikc@webs.com,Male,China,Xiangshui,709 Warbler Circle,748-535-0365
14,Emmit,Postance,epostanced@mozilla.org,Male,China,Wanzu,5 Helena Pass,160-109-0785
15,Dyana,Leverette,dleverettee@acquirethisname.com,Female,China,Xiaoweizhai,3318 Ruskin Circle,176-588-3750
16,Jerry,Ham,jhamf@nyu.edu,Female,Peru,Singa,9 Oxford Trail,530-630-6276
17,Harold,Giacobelli,hgiacobellig@weebly.com,Male,Kazakhstan,Shchūchīnsk,716 Hauk Parkway,121-163-9299
18,Gib,Vlasin,gvlasinh@live.com,Male,Indonesia,Kalate,99 Starling Circle,608-847-1894
19,Ottilie,Tonkinson,otonkinsoni@creativecommons.org,Female,Sweden,Spånga,11875 Bobwhite Junction,853-257-0365
20,Cairistiona,Kobelt,ckobeltj@elpais.com,Female,Russia,Krasnogvardeyets,56719 Fieldstone Lane,628-251-3434
21,Findley,Seabright,fseabrightk@toplist.cz,Male,China,Qingzhou,1427 Golf Park,586-409-9418
22,Marcellus,Keeping,mkeepingl@domainmarket.com,Male,Nicaragua,Telpaneca,4880 Jenifer Street,518-319-1374
23,Charyl,Godsafe,cgodsafem@bloglovin.com,Female,Portugal,Fonte do Feto,06 Drewry Hill,534-368-0163
24,Jereme,Van Arsdale,jvanarsdalen@jigsy.com,Male,Iran,Ābyek,085 Sunnyside Road,807-666-2909
25,Tabbi,Blakely,tblakelyo@slideshare.net,Female,Indonesia,Cigembor,86 Holy Cross Lane,153-364-0253
26,Pall,Ubank,pubankp@godaddy.com,Male,Russia,Staropavlovskaya,9545 Iowa Plaza,904-917-5174
27,Gerladina,Orman,gormanq@squidoo.com,Female,Uganda,Adjumani,8 Birchwood Avenue,647-473-2284
28,Avictor,Lewty,alewtyr@examiner.com,Male,Czech Republic,Hovorany,348 Hansons Crossing,682-486-6939
29,Lenee,Nazareth,lnazareths@prlog.org,Female,Nigeria,Kwatarkwashi,044 Dottie Place,785-214-1987
30,Sid,Pettersen,spettersent@stumbleupon.com,Male,China,Rongxing,420 Mayfield Street,827-133-7352
31,Yalonda,Bottby,ybottbyu@sphinn.com,Female,China,Zhouzai,06820 Holy Cross Park,171-934-6808
32,Bell,Dominichetti,bdominichettiv@sciencedirect.com,Female,China,Daidaon,1574 Hauk Center,718-727-3019
33,Ingra,Drissell,idrissellw@spotify.com,Male,Portugal,Albufeira,2 Spaight Plaza,886-363-2756
34,Orrin,Capelin,ocapelinx@flavors.me,Male,Indonesia,Isak,1 Sunbrook Circle,395-746-1907
35,Muffin,Puvia,mpuviay@scientificamerican.com,Male,Ecuador,Puyo,62065 Hauk Street,922-369-5348
36,Kitti,Jindrak,kjindrakz@csmonitor.com,Female,Russia,Novoderevyankovskaya,51537 Grim Road,310-577-7279
37,Niel,Haucke,nhaucke10@networkadvertising.org,Male,Finland,Nurmo,966 Lotheville Parkway,288-238-5298
38,Ignace,Laurie,ilaurie11@mapquest.com,Male,Russia,Pyra,2208 Marquette Junction,492-366-3712
39,Raina,Enticott,renticott12@imgur.com,Female,China,Gaoyi,38 Porter Place,399-811-4987
40,Brigitte,Traite,btraite13@furl.net,Female,China,Jingning Chengguanzhen,6380 Namekagon Court,590-575-8837
41,Nichole,Scinelli,nscinelli14@europa.eu,Female,Nigeria,Mutum Biyu,706 Portage Circle,287-191-2425
42,Emmy,Cunnah,ecunnah15@ustream.tv,Female,China,Dengteke,46697 Glacier Hill Alley,397-577-9209
43,Fianna,Scothorne,fscothorne16@wiley.com,Female,Serbia,Stari Banovci,1 Pine View Park,743-568-9062
44,Cort,Ilyunin,cilyunin17@japanpost.jp,Male,Tunisia,Al Wardānīn,302 Leroy Alley,973-193-6941
45,Concettina,Awcoate,cawcoate18@discovery.com,Female,China,Zongluzui,07 Mandrake Center,772-482-3853
46,Sheridan,Smallbone,ssmallbone19@xrea.com,Male,Colombia,Aguazul,9890 Clarendon Crossing,253-654-0519
47,Doloritas,Sauvage,dsauvage1a@narod.ru,Female,Ukraine,Kozel’shchyna,373 Jenifer Avenue,460-468-5172
48,Reina,Ridsdole,rridsdole1b@instagram.com,Female,Russia,Stavropol’,47 Miller Lane,784-784-6955
49,Yolande,Magrane,ymagrane1c@rakuten.co.jp,Female,United States,Las Vegas,7745 Beilfuss Alley,702-592-2510
50,Chan,Hallam,challam1d@printfriendly.com,Male,China,Handan,08 Oxford Terrace,174-732-6343
51,Myrah,Drinkale,mdrinkale1e@dion.ne.jp,Female,Italy,Reggio Calabria,2 Sundown Street,657-516-5342
52,Celestyna,Hudghton,chudghton1f@yahoo.com,Female,France,Saint-Herblain,27877 Calypso Hill,144-614-0456
53,Chrissie,Feldbrin,cfeldbrin1g@privacy.gov.au,Male,China,Huaguo,733 Melvin Circle,801-948-7486
54,Jannel,Troughton,jtroughton1h@amazon.co.uk,Female,Bulgaria,Devin,6204 Fieldstone Alley,528-156-3329
55,Llewellyn,Haxley,lhaxley1i@alexa.com,Male,Philippines,Tiwi,9 Michigan Alley,433-195-1546
56,Christos,Farnish,cfarnish1j@earthlink.net,Male,Indonesia,Nunleu,606 Darwin Alley,447-638-5158
57,Ezri,Copp,ecopp1k@amazon.de,Male,Indonesia,Kertapura,01 Bluejay Pass,794-377-1946
58,Vassily,Luckcock,vluckcock1l@flavors.me,Male,Indonesia,Cibeureum Kidul,4637 South Terrace,652-815-6727
59,Bank,Novacek,bnovacek1m@ucoz.ru,Male,Brazil,Riachão das Neves,443 Spohn Point,193-671-6613
60,Daria,Foffano,dfoffano1n@weibo.com,Female,Poland,Węgorzyno,6 Dapin Place,784-924-8602
61,Tasia,Gunnell,tgunnell1o@lycos.com,Female,Sweden,Göteborg,18248 New Castle Point,301-311-2415
62,Ky,Mableson,kmableson1p@trellian.com,Male,Russia,Kalashnikovo,9984 Fisk Park,641-259-0283
63,Fionnula,Ricciardiello,fricciardiello1q@wisc.edu,Female,Denmark,Frederiksberg,35255 Sachtjen Way,552-993-8044
64,Evvie,Eagleston,eeagleston1r@examiner.com,Female,Indonesia,Awayan,32495 Arkansas Place,224-753-5888
65,Artur,Greep,agreep1s@thetimes.co.uk,Male,China,Dapo,6658 Esch Alley,937-352-4698
66,Domenico,Wallett,dwallett1t@cisco.com,Male,Sierra Leone,Zimmi,5 Burrows Parkway,116-252-6893
67,Ilene,Henryson,ihenryson1u@nydailynews.com,Female,Tajikistan,Khŭjand,80 Crownhardt Avenue,228-817-2811
68,Chevalier,Rodway,crodway1v@home.pl,Male,Thailand,Ban Khlong Bang Sao Thong,51288 Sherman Hill,293-278-0036
69,Webster,Pervoe,wpervoe1w@google.it,Male,Peru,Antaparco,79042 Declaration Pass,794-637-5686
70,Teodor,Breitling,tbreitling1x@senate.gov,Male,Cyprus,Kokkini Trimithia,0251 Petterle Avenue,683-729-8080
71,Zonda,Bratt,zbratt1y@economist.com,Female,Indonesia,Cijapar,180 Maple Center,413-438-8461
72,Kaiser,Jirieck,kjirieck1z@123-reg.co.uk,Male,Russia,Duba-Yurt,033 Hoard Circle,779-620-9540
73,Mamie,MacAughtrie,mmacaughtrie20@amazon.com,Female,Albania,Rukaj,5 Lunder Terrace,691-861-2173
74,Shani,Clarycott,sclarycott21@shutterfly.com,Female,Philippines,Kitango,56 Westport Street,115-224-3475
75,Pamela,Bortolotti,pbortolotti22@miitbeian.gov.cn,Female,Afghanistan,’Unābah,0516 Anniversary Way,133-211-0083
76,Georgeanne,Dax,gdax23@tamu.edu,Female,China,Houyu,6026 Columbus Avenue,816-856-6499
77,Tamarah,Archard,tarchard24@house.gov,Female,Peru,Acobamba,1024 Alpine Avenue,825-161-6794
78,Wandie,Maundrell,wmaundrell25@behance.net,Female,Indonesia,Belang,2437 Golf View Drive,724-493-4360
79,Karl,Yedall,kyedall26@wordpress.com,Male,China,Bin’an,235 Dapin Park,307-260-3543
80,Jorgan,Wozencroft,jwozencroft27@ca.gov,Male,Czech Republic,Polepy,270 Grover Junction,280-969-1379
81,Ellene,Iacobassi,eiacobassi28@independent.co.uk,Female,Tanzania,Ngudu,84 Dayton Pass,272-764-5277
82,Celina,Adshede,cadshede29@yolasite.com,Female,Croatia,Semeljci,427 Coleman Way,345-183-7360
83,Johanna,Millyard,jmillyard2a@zimbio.com,Female,Poland,Kraków,741 Paget Center,442-906-4742
84,Hastie,Chattey,hchattey2b@psu.edu,Male,China,Wenchang,4 Rieder Plaza,250-405-1846
85,Darrin,Huxstep,dhuxstep2c@whitehouse.gov,Male,Peru,Alca,9564 John Wall Circle,382-159-4281
86,Davide,Assiter,dassiter2d@engadget.com,Male,Portugal,Freiria,64666 Elka Alley,457-877-0585
87,Ferdinanda,Cannings,fcannings2e@hhs.gov,Female,Indonesia,Citalahab,65 Ramsey Pass,456-960-0086
88,Becki,Ballay,bballay2f@twitter.com,Female,Indonesia,Weetobula,02 Commercial Parkway,287-189-6155
89,Chrisse,Elletson,celletson2g@yale.edu,Male,Czech Republic,Kájov,902 Rigney Terrace,959-861-8052
90,Kathi,Marklund,kmarklund2h@tinypic.com,Female,France,Paris 19,9810 Meadow Valley Park,429-280-0961
91,Steward,Bussell,sbussell2i@blogspot.com,Male,China,Fengshan,38408 Shelley Circle,419-271-6871
92,Mychal,Hellier,mhellier2j@cmu.edu,Male,China,Beitou,6576 Kim Drive,481-454-2048
93,Melisse,Rickcord,mrickcord2k@cyberchimps.com,Female,China,Baoluan,59593 Manitowish Road,539-507-6167
94,Peta,Wrintmore,pwrintmore2l@google.it,Female,Honduras,Amapala,5248 Commercial Crossing,198-692-2577
95,Panchito,Huxter,phuxter2m@tripadvisor.com,Male,Slovenia,Štore,6477 Clemons Plaza,423-641-2932
96,Pall,Ziemen,pziemen2n@ehow.com,Male,Portugal,Monte Francisco,00567 Killdeer Avenue,241-485-1615
97,Shaina,Frontczak,sfrontczak2o@hexun.com,Female,China,Yanghou,039 Porter Street,305-372-1030
98,Paulie,Putland,pputland2p@harvard.edu,Male,Portugal,Antanhol,47018 Hagan Hill,716-842-9676
99,Scarlett,Gaddes,sgaddes2q@ibm.com,Female,Philippines,Montecillo,5 Delladonna Parkway,833-508-1232
100,Karlie,Tingcomb,ktingcomb2r@nature.com,Female,Colombia,Piedrancha,76 Merry Lane,513-819-6292
101,Estrella,Lobe,elobe2s@posterous.com,Female,Afghanistan,Farah,65077 Glendale Drive,593-888-2862
102,Angelica,Verdy,averdy2t@sitemeter.com,Female,Indonesia,Banjarejo,19 3rd Terrace,375-573-4511
103,Cammy,Cullingford,ccullingford2u@indiegogo.com,Female,Indonesia,Mekarsari,01852 Orin Way,414-599-6382
104,Xylia,Dossettor,xdossettor2v@hhs.gov,Female,Namibia,Omuthiya,95188 Southridge Trail,439-407-8154
105,Sharai,Sketchley,ssketchley2w@blogger.com,Female,Slovenia,Lokavec,07 Weeping Birch Terrace,869-743-4883
106,Brion,Pawfoot,bpawfoot2x@parallels.com,Male,Ukraine,Turbiv,76242 Linden Place,118-269-8963
107,Pier,Divers,pdivers2y@slashdot.org,Female,Philippines,Sampagar,77 Moose Court,725-400-6485
108,Barron,Paulin,bpaulin2z@quantcast.com,Male,United States,Baton Rouge,59 Forest Dale Trail,225-333-5653
109,Daveen,Hulcoop,dhulcoop30@elpais.com,Female,Morocco,Tabia,790 Kipling Point,116-873-4351
110,Jeanelle,Trenouth,jtrenouth31@ocn.ne.jp,Female,Laos,Pakxong,43 Cody Street,930-477-2893
111,Ariella,Jacketts,ajacketts32@skype.com,Female,China,Dayushu,075 Gerald Avenue,823-718-7536
112,Elka,Boyde,eboyde33@ihg.com,Female,Ukraine,Dmytrivka,76077 Garrison Plaza,669-970-0794
113,Lauretta,McKie,lmckie34@hibu.com,Female,China,Nanxing,0808 Acker Lane,451-483-2089
114,Essy,Rillett,erillett35@miitbeian.gov.cn,Female,Sweden,Göteborg,494 Scofield Drive,943-462-5267
115,Paige,De la Yglesias,pdelayglesias36@surveymonkey.com,Female,Malaysia,Kota Bharu,832 Eagan Plaza,456-955-4845
116,Paxton,Brounsell,pbrounsell37@is.gd,Male,Croatia,Gvozd,51 Hazelcrest Way,526-984-5181
117,Cecilio,Freeborn,cfreeborn38@bravesites.com,Male,China,Bazha,73 Troy Avenue,453-359-2222
118,Gabi,O'Hoey,gohoey39@histats.com,Female,Indonesia,Manggu,8322 Superior Court,455-538-7315
119,Jaynell,Rothon,jrothon3a@amazonaws.com,Female,Myanmar,Tharyarwady,4 1st Road,999-468-6973
120,Robbin,Kelner,rkelner3b@hubpages.com,Female,Czech Republic,Náklo,2 Almo Pass,834-943-7055
121,Thain,Battell,tbattell3c@plala.or.jp,Male,France,Tulle,90 Glacier Hill Road,614-848-4842
122,Brett,Jessopp,bjessopp3d@whitehouse.gov,Female,Peru,Pampachiri,04797 Colorado Parkway,674-559-3606
123,Candice,Rogans,crogans3e@ft.com,Female,China,Yanhe,1 Sheridan Junction,524-743-4219
124,Kaspar,Pohling,kpohling3f@nsw.gov.au,Male,China,Xilaiqiao,5910 Schiller Lane,331-626-8126
125,Buffy,Hinze,bhinze3g@zdnet.com,Female,Indonesia,Karangsari,0408 Banding Trail,610-422-6675
126,Merilee,Joselovitch,mjoselovitch3h@soup.io,Female,Austria,Niederwaldkirchen,0612 Novick Street,142-215-3364
127,Jsandye,Eisold,jeisold3i@eepurl.com,Female,China,Lhabupu,60940 Almo Drive,834-387-6183
128,Orsa,Woodbridge,owoodbridge3j@nationalgeographic.com,Female,China,Guantun,29567 Schlimgen Drive,981-324-7628
129,Corby,Andreichik,candreichik3k@reddit.com,Male,Poland,Michałowo,072 Grim Road,390-837-9266
130,Lyssa,Marden,lmarden3l@businessweek.com,Female,Cyprus,Klirou,795 Nevada Pass,757-940-6770
131,Brocky,Carvilla,bcarvilla3m@theatlantic.com,Male,Indonesia,Tambarangan,4994 Monica Parkway,488-391-6145
132,Alyssa,Battabee,abattabee3n@163.com,Female,Egypt,Fuwah,84 Dapin Place,108-636-7886
133,Arnold,Lias,alias3o@unc.edu,Male,Portugal,Lemenhe,1234 Westport Trail,138-700-1577
134,Idalina,Jammes,ijammes3p@cdc.gov,Female,Czech Republic,Jesenice,34603 Nelson Junction,696-693-6475
135,Brantley,Cosbee,bcosbee3q@army.mil,Male,Brazil,Ouro Branco,0 Burning Wood Road,151-236-8379
136,Jacynth,Lenormand,jlenormand3r@google.cn,Female,China,Anjie,152 Farmco Parkway,403-477-6710
137,Bernadine,Venturoli,bventuroli3s@boston.com,Female,Sri Lanka,Point Pedro,6 Maple Wood Center,488-647-1057
138,Jermayne,Guyver,jguyver3t@illinois.edu,Male,China,Tangzha,73616 Morrow Park,574-968-5979
139,Nicko,MacNeill,nmacneill3u@exblog.jp,Male,Canada,Coaldale,276 Bobwhite Place,513-102-8712
140,Abagail,Leipnik,aleipnik3v@psu.edu,Female,Czech Republic,Podivín,2424 Eggendart Drive,638-363-4383
141,Sunny,McCuish,smccuish3w@quantcast.com,Male,Sweden,Skärhamn,3 Schiller Avenue,693-741-4832
142,Dot,Humbles,dhumbles3x@simplemachines.org,Female,Morocco,Aourir,44563 Birchwood Trail,988-198-3999
143,Hammad,Mathet,hmathet3y@ask.com,Male,Philippines,Bagay,52954 Rockefeller Court,670-346-2393
144,Currey,Renneke,crenneke3z@youtube.com,Male,China,Taipingchuan,4 Steensland Terrace,636-720-5344
145,Verine,Postins,vpostins40@hud.gov,Female,Antigua and Barbuda,Codrington,07930 Autumn Leaf Terrace,423-129-9050
146,Cecilius,Tompkiss,ctompkiss41@unblog.fr,Male,Russia,Novomoskovsk,526 Crowley Crossing,360-329-9115
147,Porter,Stranio,pstranio42@indiatimes.com,Male,Nigeria,Bukuru,40548 Hansons Junction,580-291-5169
148,Skippy,Challin,schallin43@networkadvertising.org,Male,Nigeria,Musawa,63039 Spohn Way,987-471-0237
149,Logan,Duns,lduns44@artisteer.com,Male,Tunisia,Akouda,7 Messerschmidt Parkway,122-855-6464
150,Bendix,Bridson,bbridson45@jimdo.com,Male,Russia,Toguchin,8 Chinook Park,329-662-5479
151,Borg,Funcheon,bfuncheon46@qq.com,Male,Canada,Fort Macleod,009 Crescent Oaks Crossing,705-753-3104
152,Derrick,Fechnie,dfechnie47@si.edu,Male,Sweden,Uppsala,68705 Dexter Plaza,734-721-2901
153,Meridel,Charke,mcharke48@cbslocal.com,Female,Sweden,Norsborg,12 Eagan Road,368-677-8396
154,Roanna,Peasgood,rpeasgood49@lycos.com,Female,Mexico,Francisco Villa,0980 Eliot Crossing,208-401-3460
155,Kali,Cromack,kcromack4a@angelfire.com,Female,Indonesia,Labuhan,7 Gulseth Plaza,114-473-6959
156,Raye,Macrow,rmacrow4b@people.com.cn,Female,Bosnia and Herzegovina,Gradačac,99 Dryden Plaza,466-246-8097
157,Kurtis,Legges,klegges4c@geocities.com,Male,Spain,Dos Hermanas,4380 Pepper Wood Lane,982-239-7328
158,Sile,Andrejs,sandrejs4d@ucsd.edu,Female,Germany,Berlin,24 Russell Terrace,485-477-1021
159,Trumann,Tumbridge,ttumbridge4e@istockphoto.com,Male,Israel,‘Afula ‘Illit,4244 Grasskamp Plaza,817-665-1547
160,Iolande,Stollenbecker,istollenbecker4f@bing.com,Female,China,Yujing,1635 Merrick Point,881-586-4091
161,Daron,Tebbitt,dtebbitt4g@umich.edu,Female,Philippines,Cigaras,18168 Anderson Center,736-461-6642
162,Adena,Upchurch,aupchurch4h@mayoclinic.com,Female,Philippines,Liboro,530 Sherman Lane,763-184-4386
163,Bailey,Glazebrook,bglazebrook4i@clickbank.net,Male,Portugal,Póvoa,92 Shopko Drive,147-472-6472
164,Gunar,Bellefonte,gbellefonte4j@chron.com,Male,Indonesia,Ntoke,68495 Portage Place,629-752-9789
165,Christen,Kloska,ckloska4k@sciencedaily.com,Female,Peru,Samanco,098 Merry Pass,271-393-1555
166,Andra,Roizin,aroizin4l@sitemeter.com,Female,United States,El Paso,284 Warrior Alley,915-639-4855
167,Charmane,Delacroix,cdelacroix4m@last.fm,Female,China,Mubo,25378 Eliot Way,621-774-2118
168,Scotti,Bowler,sbowler4n@yale.edu,Male,China,Hengli,93 Porter Park,846-953-9918
169,Prudence,Dur,pdur4o@ibm.com,Female,Peru,Putina,94147 New Castle Circle,862-960-6605
170,Norbie,Santus,nsantus4p@salon.com,Male,Greece,Melíssia,2 Mcbride Parkway,760-150-1543
171,Casper,Pittem,cpittem4q@devhub.com,Male,Ukraine,Volodarka,58391 Delladonna Drive,580-585-3396
172,Dominica,Blance,dblance4r@over-blog.com,Female,China,Liuzhi,94 Scott Drive,674-551-6530
173,Rivkah,Eykel,reykel4s@ucla.edu,Female,Thailand,Na Yong,80 Forest Dale Center,603-906-5439
174,Benny,Commusso,bcommusso4t@cafepress.com,Female,China,Dalongdong,46512 Mayfield Avenue,938-999-4984
175,Joel,Grove,jgrove4u@mail.ru,Male,Colombia,Espinal,5904 Brentwood Point,909-330-7247
176,Devondra,Killoran,dkilloran4v@is.gd,Female,Albania,Kolsh,4 Hoepker Trail,991-232-2282
177,Flory,Knok,fknok4w@t.co,Male,Russia,Vidnoye,3827 Golf Course Plaza,714-313-6406
178,Nevins,Edsell,nedsell4x@1688.com,Male,China,Gaoxiang,408 Clyde Gallagher Court,163-409-3686
179,Ursala,Olivetta,uolivetta4y@exblog.jp,Female,Russia,Shar’ya,8 Florence Road,507-742-5966
180,Emelina,Dmiterko,edmiterko4z@usgs.gov,Female,Nigeria,Musawa,6 Garrison Alley,165-619-8929
181,Amber,Kermott,akermott50@hibu.com,Female,Ukraine,Hadyach,5 Bartelt Circle,389-589-0083
182,Dallon,Piatkow,dpiatkow51@businessweek.com,Male,Russia,Buy,6 Menomonie Way,685-255-3951
183,Hadlee,Gyver,hgyver52@miibeian.gov.cn,Male,Indonesia,Broto,59 Forest Dale Street,749-654-6510
184,Sonya,Dillicate,sdillicate53@is.gd,Female,Madagascar,Ankazondandy,63 Declaration Point,153-944-4890
185,Meg,Rosander,mrosander54@facebook.com,Female,Mexico,Primero de Mayo,927 Wayridge Lane,796-293-8532
186,Flo,Catterall,fcatterall55@va.gov,Female,Armenia,Armavir,7 Coleman Pass,959-291-1833
187,Hillier,Blodg,hblodg56@cnet.com,Male,Indonesia,Parabon,2690 Arizona Circle,676-591-5739
188,Alvina,Iacovini,aiacovini57@cmu.edu,Female,Finland,Asikkala,35 North Alley,873-961-2228
189,Meara,Thake,mthake58@yolasite.com,Female,Sweden,Luleå,6740 Tony Road,252-532-0674
190,Hagen,Smither,hsmither59@ifeng.com,Male,Czech Republic,Žďár nad Sázavou,04771 Independence Hill,623-579-5440
191,Aland,Thys,athys5a@whitehouse.gov,Male,Sweden,Svedala,1 Kennedy Avenue,432-492-7359
192,Baxie,Flatt,bflatt5b@bizjournals.com,Male,Mexico,San Isidro,94 Mockingbird Crossing,159-769-4058
193,Gabby,Stebbins,gstebbins5c@cloudflare.com,Male,Ukraine,Zarya,78 Butterfield Street,324-845-3021
194,Bryan,Lawland,blawland5d@cpanel.net,Male,China,Malian,12733 Dapin Place,795-270-5094
195,Lura,Eckly,leckly5e@aboutads.info,Female,Indonesia,Krajan Tengah,205 Monument Terrace,537-460-5897
196,Selby,Lammert,slammert5f@xrea.com,Male,China,Budayuan,4648 Corry Trail,182-482-8286
197,Darell,Copland,dcopland5g@xrea.com,Female,Germany,München,84734 Vermont Drive,777-841-2328
198,Willem,Simonsen,wsimonsen5h@bigcartel.com,Male,Tunisia,Al ‘Āliyah,43 Talmadge Circle,818-356-5991
199,Adena,Burdus,aburdus5i@ted.com,Female,Russia,Lyubinskiy,93209 Mosinee Trail,412-792-9492
200,Wade,Clamo,wclamo5j@disqus.com,Male,Sweden,Stockholm,00 Haas Avenue,106-804-3093
201,Codi,Czajkowska,cczajkowska5k@msn.com,Female,China,Payxambabazar,7 Scoville Road,695-671-7517
202,Gertrud,Stapells,gstapells5l@nsw.gov.au,Female,Nigeria,Yashikera,51 Farwell Center,435-307-2737
203,Etienne,Hebbes,ehebbes5m@webmd.com,Male,Japan,Ōkawa,301 Monterey Parkway,991-608-8805
204,Drusi,Alcoran,dalcoran5n@google.nl,Female,Indonesia,Ngulahan,56 Oneill Junction,194-615-0458
205,Jehu,Betham,jbetham5o@arizona.edu,Male,Brazil,Cuiabá,86951 Reinke Parkway,650-437-9426
206,Fonzie,Reilingen,freilingen5p@indiegogo.com,Male,Serbia,Despotovac,490 Sunfield Way,260-275-4554
207,Kirby,Figure,kfigure5q@360.cn,Female,Czech Republic,Meziměstí,60 Canary Plaza,296-595-1323
208,Eugenio,Giovanitti,egiovanitti5r@homestead.com,Male,Mexico,San Antonio,04 Pankratz Junction,476-593-2481
209,Sloane,Grew,sgrew5s@free.fr,Male,France,Plaisir,2939 Bowman Parkway,367-198-8387
210,Georg,Evequot,gevequot5t@earthlink.net,Male,China,Qingtang,2580 Lawn Crossing,631-233-8726
211,Heall,Wetwood,hwetwood5u@geocities.com,Male,China,Bishan,38 Blaine Court,311-286-4356
212,Danila,Reedman,dreedman5v@msu.edu,Female,Indonesia,Daeosin Satu,5961 Clyde Gallagher Road,153-262-1526
213,Sallyann,Stoker,sstoker5w@princeton.edu,Female,Mexico,Nueva Esperanza,8 Kennedy Junction,969-478-3749
214,Glynnis,Fancett,gfancett5x@digg.com,Female,China,Shuitian,0 Northridge Parkway,967-929-9579
215,Somerset,Woollacott,swoollacott5y@nhs.uk,Male,France,Gif-sur-Yvette,97 Heath Circle,349-165-9035
216,Arie,O'Tierney,aotierney5z@elpais.com,Male,Brazil,Santos Dumont,022 Maple Wood Point,669-406-1527
217,Dore,Folbig,dfolbig60@mashable.com,Female,China,Sicheng,997 Loeprich Point,340-785-1987
218,Wileen,Crombleholme,wcrombleholme61@aol.com,Female,China,Hongqi,9788 Helena Lane,113-841-6374
219,Serge,Couves,scouves62@craigslist.org,Male,Indonesia,Kawangu Satu,550 Northwestern Crossing,265-614-9002
220,Leesa,Dilley,ldilley63@hugedomains.com,Female,Poland,Wierzchosławice,00263 Calypso Terrace,329-496-8631
221,Hieronymus,Fend,hfend64@naver.com,Male,Portugal,Souto de Cima,896 Orin Junction,175-540-5324
222,Bernelle,Maciunas,bmaciunas65@flavors.me,Female,Costa Rica,Escazú,26134 Forest Circle,155-281-8180
223,Cheryl,MacInherney,cmacinherney66@vimeo.com,Female,Indonesia,Krajan Jabungcandi,9 Moose Street,336-585-5341
224,Basile,Babbage,bbabbage67@bigcartel.com,Male,Ivory Coast,Danané,6724 Eastlawn Avenue,398-491-7774
225,Frederico,Alaway,falaway68@paginegialle.it,Male,Indonesia,Jambu,3081 Warbler Drive,816-386-1801
226,Olag,Gillibrand,ogillibrand69@eepurl.com,Male,Thailand,Lam Sonthi,3221 Bay Crossing,775-484-9776
227,Eleonore,Gonnely,egonnely6a@themeforest.net,Female,Thailand,Roi Et,336 Logan Pass,799-450-8352
228,Shirleen,Gilfoyle,sgilfoyle6b@oakley.com,Female,Azerbaijan,Pirallahı,6709 Eagan Pass,512-583-1915
229,Ainslee,Mussotti,amussotti6c@forbes.com,Female,China,Liaoyang,182 Prairie Rose Court,779-590-5201
230,Moritz,Fessler,mfessler6d@jalbum.net,Male,Thailand,Cho-airong,83 Doe Crossing Point,158-540-6082
231,Dino,Swateridge,dswateridge6e@ucoz.com,Male,China,Narong,45 Vermont Hill,271-736-8296
232,Martin,Tomashov,mtomashov6f@ebay.co.uk,Male,United States,Saginaw,55 Bartillon Street,989-355-2048
233,Ethelbert,Lorrie,elorrie6g@mediafire.com,Male,Mongolia,Sharga,08893 Vahlen Lane,864-359-8003
234,Wilbur,Heddon,wheddon6h@usda.gov,Male,France,Orvault,84 Grim Junction,731-957-3725
235,Jessamine,Cratere,jcratere6i@ca.gov,Female,Indonesia,Cibolek Kidul,78 Schiller Court,274-345-7975
236,Norah,Stuther,nstuther6j@webnode.com,Female,Ukraine,Terny,74 Westridge Terrace,252-579-8110
237,Drusy,Ellerton,dellerton6k@amazon.co.jp,Female,Russia,Mshinskaya,21 Laurel Place,109-115-0790
238,Jonell,Crocker,jcrocker6l@unesco.org,Female,France,Saint-Quentin,4662 6th Plaza,589-478-9581
239,Carmelle,Dobell,cdobell6m@icq.com,Female,Belarus,Horad Pinsk,730 Moland Trail,143-817-6522
240,Arline,Allain,aallain6n@typepad.com,Female,Bulgaria,Bratsigovo,8429 Sunbrook Pass,803-176-1059
241,Baxter,Valance,bvalance6o@angelfire.com,Male,Russia,Sergiyev Posad,6 Golf Place,103-955-5105
242,Mahalia,Elcocks,melcocks6p@pagesperso-orange.fr,Female,Kenya,Embu,965 Pearson Center,498-432-2194
243,Erv,Pettegree,epettegree6q@cbslocal.com,Male,Pakistan,Chaman,71368 Farmco Lane,555-122-4995
244,Danica,Meneo,dmeneo6r@mit.edu,Female,Indonesia,Kerek,419 Arkansas Junction,428-216-0625
245,Consalve,Sjostrom,csjostrom6s@wired.com,Male,Belarus,Lyntupy,3081 Eastwood Terrace,993-718-4432
246,Tandy,Harner,tharner6t@cbsnews.com,Female,Honduras,Talanga,08 Quincy Drive,490-374-7462
247,Ketty,Etherson,ketherson6u@feedburner.com,Female,Morocco,Settat,136 4th Avenue,223-993-6307
248,Milena,Dog,mdog6v@123-reg.co.uk,Female,Philippines,Pudoc North,54390 Fairview Trail,669-487-4185
249,Emmott,Stenett,estenett6w@is.gd,Male,Norway,Oslo,7 Walton Park,279-314-8686
250,Cathe,Baily,cbaily6x@paypal.com,Female,Nigeria,Onitsha,03085 Dixon Avenue,833-451-8002
251,Margarita,Boldt,mboldt6y@nationalgeographic.com,Female,Japan,Ōyama,11 Union Parkway,850-104-6295
252,Salli,Spittle,sspittle6z@drupal.org,Female,Vietnam,Thị Trấn Quan Hóa,8 Mcbride Crossing,531-934-1964
253,Ninon,Garham,ngarham70@house.gov,Female,Russia,Orichi,411 Columbus Park,799-726-6162
254,Malinda,Whye,mwhye71@usatoday.com,Female,Saudi Arabia,Khamis Mushait,38 Melvin Way,645-567-4744
255,Marchall,Bendik,mbendik72@sun.com,Male,Indonesia,Linggamanik,3604 Nevada Alley,858-773-4165
256,Lil,Dahlback,ldahlback73@google.com,Female,Senegal,Ndofane,865 Buell Junction,171-396-8301
257,Laurette,Brettell,lbrettell74@ameblo.jp,Female,Indonesia,Lewoduli,26015 Sloan Place,546-346-0584
258,Leia,Dorricott,ldorricott75@uol.com.br,Female,Belarus,Pinsk,0112 Pawling Way,986-355-5361
259,Dahlia,Wilfing,dwilfing76@nationalgeographic.com,Female,Philippines,Concepcion,5 Hooker Junction,487-714-7388
260,Salomon,Broxis,sbroxis77@imgur.com,Male,Czech Republic,Bystré,29754 Brown Center,598-247-3853
261,Alard,Marshall,amarshall78@baidu.com,Male,Uganda,Kagadi,6 Morning Circle,290-557-0211
262,Tania,Spottiswoode,tspottiswoode79@nifty.com,Female,China,Zhishan,659 Morrow Lane,325-956-1377
263,Timmie,Siddell,tsiddell7a@slashdot.org,Female,Sweden,Sundsvall,12412 Anthes Place,382-667-5192
264,Ambrosi,Howard,ahoward7b@nyu.edu,Male,Sweden,Vällingby,24 Golf View Place,179-906-8300
265,Jesse,McGrory,jmcgrory7c@psu.edu,Female,Indonesia,Tanjung Palas,55768 Basil Point,905-245-1749
266,Zachariah,Murtell,zmurtell7d@sakura.ne.jp,Male,Indonesia,Rancapare,1915 Rigney Alley,306-370-5129
267,Paulie,McCafferty,pmccafferty7e@abc.net.au,Male,Poland,Kraśnik,85 Dennis Trail,325-960-0987
268,Kelcy,Vanyashkin,kvanyashkin7f@uol.com.br,Female,China,Nyinqug,29747 Lawn Road,182-701-6687
269,Lizzy,Bole,lbole7g@usgs.gov,Female,Russia,Murom,0211 Manley Road,418-212-0264
270,Shae,Twydell,stwydell7h@ed.gov,Female,China,Hekou,17043 Myrtle Lane,109-154-3307
271,Fernando,Worts,fworts7i@answers.com,Male,Nicaragua,San José de los Remates,8291 Transport Alley,527-723-0320
272,Wandie,Drynan,wdrynan7j@yandex.ru,Female,Russia,Zimovniki,67416 Homewood Junction,667-810-7584
273,Lezlie,Natte,lnatte7k@rambler.ru,Female,Sri Lanka,Sigiriya,6 Hallows Parkway,806-467-5534
274,Cornell,Govern,cgovern7l@baidu.com,Male,Greece,Khiliomódhi,80 Gina Trail,778-800-0460
275,Des,Haysey,dhaysey7m@whitehouse.gov,Male,Uzbekistan,Qanliko’l,395 Fair Oaks Road,563-586-0883
276,Gianna,Tumilson,gtumilson7n@gov.uk,Female,Democratic Republic of the Congo,Mushie,82 Sauthoff Avenue,400-899-8833
277,Rora,Kingsmill,rkingsmill7o@surveymonkey.com,Female,Iran,Bāsht,76336 Corry Alley,652-805-8738
278,Beulah,Leethem,bleethem7p@myspace.com,Female,China,Luobei,198 Fairview Pass,784-430-7608
279,Jorey,Hedau,jhedau7q@unc.edu,Female,France,Nantes,1305 3rd Pass,715-401-2441
280,Bud,Bowmaker,bbowmaker7r@stanford.edu,Male,China,Tangyin,5599 Hoard Lane,637-497-6315
281,Cristian,Wordesworth,cwordesworth7s@ycombinator.com,Male,Palestinian Territory,Bardalah,0624 Fairview Terrace,156-840-0589
282,Gunar,Noteyoung,gnoteyoung7t@purevolume.com,Male,Niger,Ayorou,1 Artisan Court,116-547-0882
283,Eva,Muckersie,emuckersie7u@timesonline.co.uk,Female,Azerbaijan,Bakıxanov,433 Montana Drive,774-339-9640
284,Bride,Phelp,bphelp7v@elegantthemes.com,Female,Czech Republic,Višňova,1 International Pass,344-207-4386
285,Birk,Alp,balp7w@gravatar.com,Male,Honduras,Támara,01 Pearson Lane,409-640-6157
286,Arlena,Warcup,awarcup7x@ucsd.edu,Female,Brazil,Conceição da Feira,84840 Roth Trail,359-916-9263
287,Donall,Dell,ddell7y@cbsnews.com,Male,Brazil,Praia Grande,38048 Helena Road,713-668-7008
288,Georg,McKern,gmckern7z@51.la,Male,Czech Republic,Hrádek,99 Quincy Place,772-679-5349
289,Riley,Glewe,rglewe80@wired.com,Male,Indonesia,Krajan C Wonorejo,5459 Hanson Way,302-772-1698
290,Granger,Richardot,grichardot81@mayoclinic.com,Male,Papua New Guinea,Mendi,222 Farragut Park,514-384-5771
291,Louella,Hilhouse,lhilhouse82@answers.com,Female,Colombia,Andalucía,71376 Mitchell Plaza,188-435-9823
292,Dene,Swynfen,dswynfen83@boston.com,Male,Czech Republic,Nezamyslice,0 Basil Court,248-736-0538
293,Donovan,Dinneges,ddinneges84@discuz.net,Male,China,Jingshan,5881 Forest Run Circle,779-232-2986
294,Magdalene,Brisson,mbrisson85@smh.com.au,Female,Nigeria,Obiaruku Quarters,62 Warrior Way,440-518-0683
295,Ezmeralda,Drei,edrei86@w3.org,Female,China,Shejiang,1754 Darwin Crossing,202-646-5937
296,Silvan,Armin,sarmin87@123-reg.co.uk,Male,Colombia,Maicao,599 American Ash Street,546-665-1315
297,Vivyanne,Dunton,vdunton88@npr.org,Female,Mongolia,Höshööt,3344 Vera Junction,670-836-9886
298,Ingrim,Syseland,isyseland89@istockphoto.com,Male,Cuba,Alamar,80 Onsgard Way,109-201-5496
299,Hamlin,Dowsey,hdowsey8a@simplemachines.org,Male,China,Miliangju,190 Tennyson Terrace,265-263-7426
300,Merrel,Iacovazzi,miacovazzi8b@sun.com,Male,Canada,Coaldale,8 Sullivan Alley,704-275-9904
301,Gloria,Warlow,gwarlow8c@gizmodo.com,Female,Vietnam,Kim Sơn,31 Gulseth Lane,288-470-6275
302,Sela,Grassick,sgrassick8d@stanford.edu,Female,South Korea,Goyang-si,07327 Armistice Junction,976-436-8756
303,Cello,Wallicker,cwallicker8e@wiley.com,Male,Brunei,Bandar Seri Begawan,7 Dorton Junction,999-626-6290
304,Karlis,McGuffog,kmcguffog8f@bandcamp.com,Male,Colombia,Montenegro,68950 Glacier Hill Trail,695-749-9887
305,Erina,Clapham,eclapham8g@barnesandnoble.com,Female,Laos,Mounlapamôk,20610 Briar Crest Plaza,776-361-4367
306,Antonietta,Polglaze,apolglaze8h@omniture.com,Female,Nigeria,Lere,63 Nelson Way,871-117-2285
307,Toma,Danielian,tdanielian8i@ovh.net,Female,Peru,Huamali,41052 Sheridan Pass,197-452-5271
308,Halli,Bavin,hbavin8j@biglobe.ne.jp,Female,Sri Lanka,Puttalam,19 Sherman Court,625-559-2496
309,Ainslee,Carletti,acarletti8k@ehow.com,Female,Portugal,Giesteira,884 Lotheville Place,956-228-4039
310,Marty,Lofting,mlofting8l@tinypic.com,Male,Poland,Sypniewo,6 Carpenter Parkway,241-214-8925
311,Shelagh,Sparsholt,ssparsholt8m@apple.com,Female,Iran,‘Alīābād-e Katūl,200 Prentice Way,699-601-4532
312,Jeremias,Jerwood,jjerwood8n@senate.gov,Male,China,Pingyang,07 Spaight Park,823-459-9391
313,Damon,Groucock,dgroucock8o@seesaa.net,Male,Croatia,Špišić-Bukovica,46800 Ridgeway Center,453-496-5820
314,Emyle,Januszkiewicz,ejanuszkiewicz8p@java.com,Female,China,Hekou,03 Johnson Hill,203-307-3354
315,Quentin,Haug,qhaug8q@amazonaws.com,Male,Norway,Sandvika,79 Artisan Plaza,640-294-7895
316,Vincent,Oloman,voloman8r@webeden.co.uk,Male,China,Xiayang,35 Claremont Circle,717-670-4082
317,Wyn,Kettlesing,wkettlesing8s@cargocollective.com,Male,Sweden,Visby,912 Randy Court,424-306-7279
318,Tymothy,Canada,tcanada8t@posterous.com,Male,Ukraine,Ivanivka,374 Debs Place,642-627-1078
319,Gideon,Knolles-Green,gknollesgreen8u@youtube.com,Male,Portugal,Valtelheiro,9 Waubesa Plaza,897-349-8622
320,Raffarty,Simper,rsimper8v@ameblo.jp,Male,Canada,High River,4 Mockingbird Center,455-602-5400
321,Hillyer,Hully,hhully8w@tripadvisor.com,Male,Brazil,Esplanada,82 Pankratz Center,534-361-8770
322,Van,Stendall,vstendall8x@indiegogo.com,Female,Ukraine,Staryy Sambor,54 Holy Cross Lane,921-103-0824
323,Korella,Drinkwater,kdrinkwater8y@ask.com,Female,Canada,Fruitvale,44 Blaine Court,917-882-5390
324,Ferdinand,Symms,fsymms8z@etsy.com,Male,Czech Republic,Častolovice,88 Nobel Trail,787-976-6671
325,Roderich,Carefull,rcarefull90@wiley.com,Male,China,Wanzu,31 Jenifer Drive,919-546-8290
326,Madelyn,MacGillacolm,mmacgillacolm91@amazon.co.jp,Female,Czech Republic,Heřmanův Městec,2 Delladonna Crossing,866-221-5501
327,Ferd,Scamaden,fscamaden92@angelfire.com,Male,Philippines,Makati City,72 Mendota Circle,930-149-4782
328,Idaline,Lordon,ilordon93@usnews.com,Female,China,Fengxi,246 Saint Paul Circle,790-560-2743
329,Sandra,Witham,switham94@uiuc.edu,Female,Canada,Ferme-Neuve,16091 Lakeland Circle,556-950-7148
330,Myrlene,Vardey,mvardey95@arstechnica.com,Female,United States,Lansing,1 Thierer Road,517-787-5477
331,Ly,Cookley,lcookley96@mtv.com,Male,China,Zhanbei,1 Rieder Pass,162-652-0062
332,Isahella,Kaser,ikaser97@usa.gov,Female,Sweden,Visby,46 Kingsford Plaza,468-100-0377
333,Bunni,Smuth,bsmuth98@about.com,Female,Czech Republic,Sudoměřice,15979 Melrose Way,322-240-4853
334,Sharlene,Jendas,sjendas99@quantcast.com,Female,Ukraine,Berezne,5 Jay Avenue,108-685-3345
335,Blake,Gullis,bgullis9a@ed.gov,Male,Spain,Valencia,18 Dwight Place,305-929-5332
336,Glenda,Arsey,garsey9b@yahoo.co.jp,Female,Russia,Pavlogradka,535 Sloan Road,700-125-9574
337,Harwilll,Lebrun,hlebrun9c@histats.com,Male,Thailand,Sida,1132 Linden Place,623-511-9752
338,Wilow,Upcraft,wupcraft9d@freewebs.com,Female,Thailand,Mueang Phuket,937 Kedzie Park,164-530-1949
339,Mitch,Fehners,mfehners9e@live.com,Male,Philippines,Pandan Niog,11 Hooker Court,547-443-7037
340,Saudra,Nare,snare9f@rambler.ru,Female,El Salvador,San Marcos,53984 Crowley Road,904-425-9198
341,Robinetta,Cassey,rcassey9g@4shared.com,Female,China,Dongjiahe,5 Beilfuss Alley,736-859-0326
342,Vick,Lawrenceson,vlawrenceson9h@gnu.org,Male,Palestinian Territory,Al Buq‘ah,12 Golf Course Point,105-311-7180
343,Evelyn,Bracknall,ebracknall9i@boston.com,Female,Vietnam,Thị Trấn Cẩm Thủy,11 Marquette Way,775-295-9540
344,Skippy,Kirlin,skirlin9j@cmu.edu,Male,Peru,Condoroma,08 Dwight Terrace,810-689-7788
345,Luciana,Borsnall,lborsnall9k@hhs.gov,Female,Mauritania,Nouâdhibou,3 Golf View Parkway,660-643-4391
346,Sibel,Densey,sdensey9l@mac.com,Female,Japan,Isawa,16920 Sachs Park,574-679-1243
347,Abey,Constantinou,aconstantinou9m@technorati.com,Male,China,Huoche Xizhan,47 Express Terrace,529-781-7555
348,Lock,Bracer,lbracer9n@over-blog.com,Male,China,Toupi,9316 Superior Point,321-491-4204
349,Aggi,Betje,abetje9o@altervista.org,Female,Ireland,Whitegate,20 Forest Plaza,310-746-8216
350,Arnie,Cutforth,acutforth9p@tripadvisor.com,Male,Pakistan,Karak,889 Ludington Drive,462-708-6589
351,Maryann,Brockie,mbrockie9q@gravatar.com,Female,Bulgaria,Borovan,640 Superior Road,280-530-2592
352,Lucian,McGann,lmcgann9r@hubpages.com,Male,China,Yaozhanzi,884 Rowland Alley,876-608-1609
353,Kathe,Haucke,khaucke9s@sbwire.com,Female,Philippines,Santa Ana,3491 Mcguire Circle,566-418-4001
354,Desi,Brassington,dbrassington9t@discovery.com,Male,China,Tashang,0 Morningstar Plaza,814-350-2093
355,Hestia,Blagden,hblagden9u@myspace.com,Female,China,Daduo,37 Dawn Terrace,875-338-2016
356,Kippy,Giveen,kgiveen9v@go.com,Male,Poland,Koszyce Wielkie,57 Northfield Parkway,560-957-2099
357,Wes,Brettle,wbrettle9w@homestead.com,Male,Russia,Mayskiy,423 Johnson Pass,718-835-2226
358,Garrot,De Ferraris,gdeferraris9x@geocities.com,Male,China,Wulong,17491 Lakewood Gardens Drive,152-268-3601
359,Cullen,Tonbye,ctonbye9y@boston.com,Male,China,Yueshan,8849 Westridge Avenue,744-562-8605
360,Lindy,Keems,lkeems9z@google.it,Female,Russia,Polazna,8 Knutson Crossing,759-542-5843
361,Gena,Tarburn,gtarburna0@phoca.cz,Female,Croatia,Nuštar,653 Golf Course Circle,676-290-2623
362,Ulrich,Challiss,uchallissa1@wsj.com,Male,Philippines,Buenavista,3 Moose Street,703-361-4302
363,Jamie,Edelman,jedelmana2@sina.com.cn,Female,Russia,Kupavna,0870 Maple Plaza,138-792-3400
364,Trace,Canton,tcantona3@constantcontact.com,Male,Sweden,Löddeköpinge,7690 Reinke Trail,980-624-0255
365,Ambros,Margiotta,amargiottaa4@alexa.com,Male,Azerbaijan,Biny Selo,497 Sachtjen Hill,232-637-9367
366,Hirsch,Stradling,hstradlinga5@hugedomains.com,Male,Indonesia,Bambanglipuro,65692 Pankratz Junction,635-633-4511
367,Raff,Rosenbarg,rrosenbarga6@walmart.com,Male,United Kingdom,Newport,61017 Morrow Center,554-904-5381
368,Clementius,Goldie,cgoldiea7@tiny.cc,Male,Indonesia,Sbo’o,15 Riverside Court,505-193-2251
369,Annmaria,Tanton,atantona8@timesonline.co.uk,Female,Brazil,São Lourenço da Mata,3798 Quincy Hill,858-341-1491
370,Adelheid,Kares,akaresa9@ifeng.com,Female,Indonesia,Jongorsari,96220 Glendale Hill,525-507-7892
371,Donna,Dabney,ddabneyaa@intel.com,Female,China,Gusong,552 Burning Wood Terrace,805-421-4195
372,Cris,Darthe,cdartheab@webs.com,Female,Germany,München,4607 Debs Hill,605-153-0228
373,Deeann,Dummer,ddummerac@mlb.com,Female,Indonesia,Ampera,90 Spaight Hill,600-652-2896
374,Eziechiele,Ghidoli,eghidoliad@a8.net,Male,Poland,Piława Górna,79 Little Fleur Hill,647-972-2111
375,Gallagher,Pitkin,gpitkinae@wix.com,Male,Poland,Łubniany,2 Merchant Center,585-904-7766
376,Alasdair,McGrudder,amcgrudderaf@redcross.org,Male,Belarus,Vishnyeva,27610 Buena Vista Parkway,547-139-7935
377,Harrison,Lyes,hlyesag@yale.edu,Male,Indonesia,Seget,68 Huxley Circle,619-410-1745
378,Rafaela,Grasner,rgrasnerah@cmu.edu,Female,Denmark,København,4792 Golf Circle,197-984-4531
379,Willard,Knowlson,wknowlsonai@networkadvertising.org,Male,Costa Rica,Cañas,58 Esch Junction,742-530-6840
380,Turner,Andrey,tandreyaj@timesonline.co.uk,Male,Kazakhstan,Qarqaraly,43 Mockingbird Hill,527-426-3123
381,Otis,Harber,oharberak@mlb.com,Male,China,Xinyi,2 Veith Lane,489-810-9970
382,Tod,Jostan,tjostanal@w3.org,Male,Netherlands,IJmuiden,98 Fordem Terrace,155-101-9217
383,Mikey,Haresnape,mharesnapeam@posterous.com,Male,Morocco,Mechrá Belqsiri,5 Mayer Drive,323-426-6748
384,Geordie,Yarmouth,gyarmouthan@ow.ly,Male,Yemen,‘Amd,21241 Shasta Court,532-142-7802
385,Selina,Dunne,sdunneao@umn.edu,Female,Yemen,‘Ubāl,2 Melby Hill,993-327-0230
386,Fan,Coulson,fcoulsonap@thetimes.co.uk,Female,Ireland,Sallins,920 Northport Road,298-721-5579
387,Hardy,Todaro,htodaroaq@sphinn.com,Male,Brazil,Natal,411 Quincy Crossing,452-649-8088
388,Layney,Kryszka,lkryszkaar@psu.edu,Female,Indonesia,Robatal,26147 Lakewood Avenue,997-283-7766
389,Jami,Speake,jspeakeas@mlb.com,Female,Palestinian Territory,Maythalūn,23 Bluejay Junction,128-671-6472
390,Jocelyn,Clipston,jclipstonat@abc.net.au,Female,Mexico,Cuauhtemoc,45 Hooker Junction,716-555-5882
391,Burke,Dadge,bdadgeau@ucoz.com,Male,Sri Lanka,Wattegama,4031 Clemons Hill,322-620-1073
392,Arch,Ghidelli,aghidelliav@ehow.com,Male,Indonesia,Bidikotak,943 Westend Park,512-139-7065
393,Fern,Bewlie,fbewlieaw@prweb.com,Female,Russia,Orekhovo-Borisovo,32 Maple Hill,611-866-4795
394,Katerine,McGarrahan,kmcgarrahanax@wunderground.com,Female,Indonesia,Ngepoh Kidul,7907 Mifflin Place,468-430-3011
395,Toiboid,Forsard,tforsarday@unicef.org,Male,Brazil,Itanhandu,5839 Emmet Alley,435-858-9030
396,Felecia,Keane,fkeaneaz@hubpages.com,Female,Indonesia,Lahat,03 Hermina Drive,906-505-2857
397,Pyotr,Hacket,phacketb0@google.co.jp,Male,Burkina Faso,Koupéla,937 Kinsman Parkway,622-773-3841
398,Albert,Haythornthwaite,ahaythornthwaiteb1@google.pl,Male,Philippines,Santiago,239 Lunder Center,858-600-5742
399,Debbie,Falla,dfallab2@jugem.jp,Female,Afghanistan,Kafir Qala,7279 Debs Lane,179-859-6214
400,Ediva,Pinkett,epinkettb3@g.co,Female,China,Mingshuihe,0 Meadow Ridge Park,667-210-4546
401,Paxon,Wyldes,pwyldesb4@newsvine.com,Male,China,Gaotai,906 Rowland Center,864-249-0173
402,Colman,Putt,cputtb5@ft.com,Male,China,Longgang,3836 Nancy Center,120-755-4373
403,Tabbatha,Basek,tbasekb6@flickr.com,Female,China,Tongjing,9291 Cambridge Lane,849-371-1388
404,Eliza,MacLaughlin,emaclaughlinb7@gizmodo.com,Female,China,Wengyang,53 Texas Court,245-631-3499
405,Rayshell,Akitt,rakittb8@archive.org,Female,Japan,Iida,28 Troy Point,370-159-9901
406,Roseanne,Rubinivitz,rrubinivitzb9@tamu.edu,Female,Peru,El Ingenio,4947 Clemons Plaza,390-247-5984
407,Scotty,Laux,slauxba@drupal.org,Male,Brazil,Perdões,08 Welch Alley,714-475-7797
408,Cristi,Laven,clavenbb@mediafire.com,Female,China,Dongpu,203 Manitowish Pass,868-916-4133
409,Garry,Stolli,gstollibc@foxnews.com,Male,Philippines,Dugongan,96786 Columbus Terrace,715-118-8695
410,Morganica,Restorick,mrestorickbd@archive.org,Female,Russia,Uvarovo,89285 Heffernan Pass,136-720-5067
411,Rhea,Klemz,rklemzbe@illinois.edu,Female,Russia,Neftegorsk,27 7th Park,402-663-9252
412,Aundrea,Lattimore,alattimorebf@flavors.me,Female,Russia,Arsen’yev,6771 Springs Center,667-194-8646
413,Lucky,Clara,lclarabg@nifty.com,Female,China,Taozhou,825 Sugar Pass,244-136-4773
414,Jamill,Iacopetti,jiacopettibh@prlog.org,Male,Poland,Jasień,5675 Sloan Terrace,481-630-0298
415,Marchelle,Mayler,mmaylerbi@cocolog-nifty.com,Female,Indonesia,Lawepakam,2656 Derek Circle,959-447-9041
416,Gypsy,Sharrocks,gsharrocksbj@cdbaby.com,Female,Czech Republic,Mukařov,75 Magdeline Circle,432-937-2863
417,Violet,Cudiff,vcudiffbk@delicious.com,Female,Indonesia,Senduro,0 Cambridge Place,711-998-8195
418,Hayward,Longthorn,hlongthornbl@geocities.com,Male,China,Erjiegou,77950 Maple Wood Crossing,270-221-6305
419,Ursa,Winterson,uwintersonbm@webeden.co.uk,Female,China,Gaogongdao,18 Kinsman Court,319-657-8389
420,Helena,Gumby,hgumbybn@51.la,Female,Russia,Yurovka,98470 Fieldstone Court,491-285-2984
421,Ulrikaumeko,Risborough,urisboroughbo@arstechnica.com,Female,Sweden,Helsingborg,366 Anhalt Center,637-606-6988
422,Ramon,French,rfrenchbp@google.co.jp,Male,Lithuania,Vilnius,7 Lakewood Alley,500-560-6025
423,Bathsheba,Timbs,btimbsbq@mediafire.com,Female,Anguilla,The Valley,676 Roxbury Trail,742-786-6905
424,Cyrill,L'Archer,clarcherbr@aol.com,Male,China,Wufeng,119 Rieder Street,210-697-9077
425,Germain,Didsbury,gdidsburybs@nasa.gov,Male,Russia,Gribanovskiy,895 Hintze Circle,333-405-5803
426,Diego,Elnor,delnorbt@theatlantic.com,Male,Poland,Wyszki,29595 Schlimgen Avenue,572-675-7669
427,Owen,Atkyns,oatkynsbu@ebay.co.uk,Male,Canada,Cap-Santé,06875 Sachs Road,544-853-1565
428,Noella,Buzek,nbuzekbv@europa.eu,Female,Cuba,Sibanicú,697 Oriole Pass,822-103-2407
429,Basilio,Chrispin,bchrispinbw@flavors.me,Male,China,Micheng,399 Thierer Parkway,804-221-2821
430,Ignace,Luffman,iluffmanbx@nbcnews.com,Male,Ghana,Bibiani,179 Maryland Point,874-334-7660
431,Kessiah,Powelee,kpoweleeby@stanford.edu,Female,Indonesia,Lewodoli,4778 Coleman Terrace,126-271-5790
432,Harri,Koeppke,hkoeppkebz@tumblr.com,Female,East Timor,Venilale,47569 Southridge Court,495-188-2992
433,Eziechiele,Learman,elearmanc0@nifty.com,Male,Bolivia,Viloco,0 Moose Pass,248-687-0334
434,Saw,Child,schildc1@google.co.jp,Male,China,Taoyuan,277 Golden Leaf Place,905-919-9876
435,Darline,Basey,dbaseyc2@csmonitor.com,Female,New Caledonia,Yaté-Barrage,91693 David Junction,890-534-5901
436,Shina,Murtell,smurtellc3@topsy.com,Female,Argentina,La Quiaca,6 Corscot Drive,965-924-5458
437,Lemar,Disbrey,ldisbreyc4@amazon.co.uk,Male,Sweden,Solna,76 Canary Parkway,212-169-8766
438,Katheryn,Menere,kmenerec5@multiply.com,Female,China,Baidian,160 Corscot Pass,283-419-6561
439,Nelson,Keri,nkeric6@domainmarket.com,Male,Philippines,Tagbacan Ibaba,86562 Towne Terrace,715-885-8752
440,Tobiah,Friman,tfrimanc7@dropbox.com,Male,Thailand,Khuean Ubonrat,63 Eagan Lane,770-786-5755
441,Philipa,Peart,ppeartc8@github.io,Female,Indonesia,Asembagus,318 Morningstar Point,976-558-9675
442,Annabal,Trevains,atrevainsc9@mozilla.com,Female,Portugal,Paço de Arcos,4290 Sommers Junction,667-358-8109
443,Cord,Mangeney,cmangeneyca@liveinternet.ru,Male,Sweden,Tierp,604 Commercial Alley,933-688-2234
444,Henriette,Carrier,hcarriercb@ftc.gov,Female,Russia,Borisova Griva,7 Lighthouse Bay Hill,778-629-8037
445,Anne,Worstall,aworstallcc@histats.com,Female,Costa Rica,Colima,747 Summit Crossing,960-321-3835
446,Dominick,Algar,dalgarcd@ovh.net,Male,Russia,Yamkino,62 Hovde Road,110-344-8880
447,Bevin,Strover,bstroverce@bizjournals.com,Male,Bulgaria,Boychinovtsi,286 Golf Course Trail,712-137-4292
448,Frayda,Lidgard,flidgardcf@telegraph.co.uk,Female,Japan,Kogota,5 Westport Avenue,282-661-9317
449,Sashenka,Bartot,sbartotcg@wiley.com,Female,China,Yizhang Chengguanzhen,231 Paget Terrace,774-686-3741
450,Coreen,Doyley,cdoyleych@google.fr,Female,France,Chennevières-sur-Marne,580 Maywood Circle,848-762-4535
451,Oswald,Haburne,ohaburneci@soundcloud.com,Male,Ethiopia,Harar,850 Doe Crossing Parkway,574-722-6794
452,Risa,Kennerley,rkennerleycj@java.com,Female,Kuwait,Al Farwānīyah,0984 Lukken Way,306-213-6412
453,Sasha,Porte,sporteck@sphinn.com,Male,China,Baima,84 Welch Alley,429-897-8222
454,Nerte,Mateu,nmateucl@cam.ac.uk,Female,Samoa,Faleula,5824 Center Lane,356-181-9280
455,Gert,Dmiterko,gdmiterkocm@hexun.com,Female,Peru,Nazca,173 Ronald Regan Street,635-888-7526
456,Solomon,Woffenden,swoffendencn@photobucket.com,Male,Sweden,Tidaholm,40 Acker Road,130-693-7123
457,Samara,Mouatt,smouattco@devhub.com,Female,Iran,Sūrīān,475 Butterfield Street,696-238-7723
458,Tina,Allflatt,tallflattcp@umn.edu,Female,China,Xinbao,8 Summerview Center,989-761-2913
459,Zonnya,Denisyev,zdenisyevcq@businessinsider.com,Female,Poland,Prażmów,328 Red Cloud Way,629-814-9097
460,Ragnar,Thrower,rthrowercr@google.com.br,Male,Czech Republic,Vrbno pod Pradědem,62 Meadow Valley Hill,657-804-6372
461,Patrizius,Huddles,phuddlescs@mlb.com,Male,Cuba,Güira de Melena,1 Grover Junction,158-454-0120
462,Zaria,Livingston,zlivingstonct@abc.net.au,Female,Indonesia,Raksajaya,2 Schiller Junction,578-882-4911
463,Elie,Bounde,eboundecu@com.com,Female,China,Taochuan,866 Hoard Crossing,351-800-7685
464,Jaquenetta,Roskelley,jroskelleycv@ning.com,Female,France,Toulon,0967 Ilene Place,411-344-6347
465,Serene,Follin,sfollincw@cocolog-nifty.com,Female,Japan,Iizuka,982 Boyd Parkway,676-991-5976
466,Hank,Davie,hdaviecx@auda.org.au,Male,Greece,Irákleion,779 Cardinal Street,103-262-7929
467,Bendicty,Esp,bespcy@omniture.com,Male,Colombia,El Zulia,11603 Hagan Hill,352-701-8514
468,Eve,Euler,eeulercz@sciencedirect.com,Female,Japan,Ōtsu-shi,40842 Emmet Avenue,147-974-7528
469,Jules,Pittham,jpitthamd0@edublogs.org,Male,Thailand,Non Suwan,9 Lukken Street,594-540-1376
470,Muffin,Castellan,mcastelland1@cbslocal.com,Male,Ecuador,La Libertad,74 Anniversary Court,601-608-2828
471,Bryon,Chomley,bchomleyd2@shop-pro.jp,Male,Zimbabwe,Shangani,1 Emmet Pass,189-189-1623
472,Claire,Wapples,cwapplesd3@biglobe.ne.jp,Male,Tanzania,Makuyuni,04232 Helena Hill,838-534-1790
473,Gabriellia,Waight,gwaightd4@cnbc.com,Female,Argentina,Embarcación,1 Granby Drive,387-473-1052
474,Alexandros,Klimkiewich,aklimkiewichd5@shutterfly.com,Male,Brazil,Juatuba,233 Trailsway Circle,109-824-6737
475,Paula,Abrashkin,pabrashkind6@stanford.edu,Female,China,Yaogu,61 Bobwhite Avenue,923-874-2419
476,Michal,Benning,mbenningd7@ca.gov,Male,Tunisia,Nabeul,4 Utah Center,666-911-8265
477,Cecilio,Bunney,cbunneyd8@usatoday.com,Male,Russia,Gubkinskiy,5981 7th Center,925-559-0184
478,Chaunce,Greystoke,cgreystoked9@psu.edu,Male,Philippines,Tindog,54574 Prairie Rose Avenue,198-775-3381
479,Goran,McDavitt,gmcdavittda@utexas.edu,Male,Russia,Sarov,5 Haas Place,742-717-4022
480,Malcolm,Everiss,meverissdb@bing.com,Male,France,Thouars,72 Northwestern Terrace,642-304-8155
481,Ardella,Chetham,achethamdc@ustream.tv,Female,Philippines,Cabarroguis,940 Bunting Plaza,448-145-9105
482,Rebekah,Lindsay,rlindsaydd@omniture.com,Female,Canada,Osoyoos,5 Summerview Pass,417-435-9533
483,Joete,Tocque,jtocquede@reverbnation.com,Female,Indonesia,Sindangsari,63 Tennyson Crossing,696-516-8033
484,Marcos,Bowbrick,mbowbrickdf@wp.com,Male,China,Dahe,74 Pond Street,152-685-8030
485,Dex,Speedy,dspeedydg@prweb.com,Male,Iran,Isfahan,4507 Banding Drive,300-314-3576
486,Charmaine,Bletso,cbletsodh@imgur.com,Female,China,Huotian,73282 Utah Place,555-435-9878
487,Danny,Mobbs,dmobbsdi@intel.com,Male,Philippines,Tudela,83993 Superior Terrace,106-321-9750
488,Delcina,Connikie,dconnikiedj@whitehouse.gov,Female,Sweden,Enskededalen,2 Darwin Street,514-466-2966
489,Ugo,Ferre,uferredk@live.com,Male,Albania,Qelëz,076 Thackeray Park,811-242-1664
490,Stoddard,Guichard,sguicharddl@wufoo.com,Female,Croatia,Brnaze,47 Bartelt Point,558-518-0182
491,Carolina,Yard,cyarddm@bravesites.com,Female,Brazil,Monte Carmelo,0 Nevada Park,984-501-2939
492,Seamus,Tootin,stootindn@yolasite.com,Male,Czech Republic,Kostelec nad Černými Lesy,0 Columbus Terrace,173-527-4543
493,Damara,Iacovelli,diacovellido@google.cn,Female,China,Shenjing,80092 Chinook Parkway,454-260-7708
494,Connie,Lottrington,clottringtondp@google.com.au,Male,Croatia,Horvati,444 Sunbrook Park,384-135-4821
495,Katee,Frere,kfreredq@xinhuanet.com,Female,China,Bianxiong,5900 Fairview Terrace,509-555-0337
496,Dev,Slaymaker,dslaymakerdr@infoseek.co.jp,Male,China,Yaopi,322 Evergreen Terrace,179-841-5433
497,Kahaleel,Dumingos,kdumingosds@reference.com,Male,Tunisia,Tozeur,06291 Scott Crossing,118-861-7998
498,Emmaline,Haly,ehalydt@senate.gov,Female,Brazil,Ijuí,4 Toban Pass,295-528-6613
499,Fayth,Tavener,ftavenerdu@discuz.net,Female,South Africa,Adelaide,33 Oriole Crossing,533-238-6861
500,Fern,Bengtson,fbengtsondv@webeden.co.uk,Female,Indonesia,Kletek,5 Green Park,963-259-8283
501,Herman,Hann,hhanndw@psu.edu,Male,Portugal,Sobreira,15 Golf View Pass,293-813-9027
502,Morley,Kliement,mkliementdx@upenn.edu,Male,China,Huanfeng,8 Lighthouse Bay Circle,550-920-1002
503,Ancell,Limer,alimerdy@twitpic.com,Male,Indonesia,Liang,2023 Maywood Street,575-989-9968
504,Shannon,Bloxsome,sbloxsomedz@nyu.edu,Male,Indonesia,Kambingan,1 Lakewood Gardens Circle,393-215-7756
505,Arty,Batchelder,abatcheldere0@accuweather.com,Male,China,Yuwan,5348 Trailsway Court,710-832-2583
506,Eleonore,Van der Son,evandersone1@constantcontact.com,Female,Mexico,Libertad,675 Hanson Way,601-612-6225
507,Skyler,Wattingham,swattinghame2@liveinternet.ru,Male,Ukraine,Artemivs’k,12018 Moland Way,357-558-6287
508,Shannan,Rafferty,sraffertye3@exblog.jp,Male,China,Dongjia,4582 Esch Point,870-240-6953
509,Garik,Allman,gallmane4@ustream.tv,Male,Serbia,Prokuplje,0 Forest Park,786-683-4417
510,Fionna,Godsell,fgodselle5@sfgate.com,Female,Poland,Kostrzyn nad Odrą,50 Katie Point,819-515-2604
511,Gaspar,McNeely,gmcneelye6@disqus.com,Male,Indonesia,Prantaan,473 West Terrace,656-622-5938
512,Ambrosi,Tubby,atubbye7@ftc.gov,Male,China,Nailung,3 3rd Park,428-669-0486
513,Micah,Cowan,mcowane8@reddit.com,Male,Guinea-Bissau,Mansôa,1982 Lakewood Gardens Point,418-151-6848
514,Rourke,Ziemens,rziemense9@t-online.de,Male,Poland,Sokółka,0 Hooker Center,852-479-6334
515,Brigitte,Larderot,blarderotea@blogger.com,Female,Democratic Republic of the Congo,Boende,434 Atwood Court,975-268-9798
516,Iormina,Matitiaho,imatitiahoeb@domainmarket.com,Female,Russia,Plavsk,4 Moose Center,340-193-3276
517,Clement,Gildersleaves,cgildersleavesec@goo.ne.jp,Male,Indonesia,Lonpao Dajah,3804 Cottonwood Plaza,320-934-7952
518,My,Walsh,mwalshed@edublogs.org,Male,Sweden,Åby,58144 Atwood Avenue,887-323-3649
519,Kirstin,Nottingham,knottinghamee@slideshare.net,Female,China,Fengtai Chengguanzhen,30381 Basil Terrace,557-825-1168
520,Marty,Orkney,morkneyef@123-reg.co.uk,Male,Indonesia,Cikadu,916 Redwing Parkway,775-630-2404
521,Ofilia,Riddiough,oriddiougheg@miibeian.gov.cn,Female,Bolivia,Villamontes,45 Jay Way,747-435-8540
522,Pavel,Piechnik,ppiechnikeh@ehow.com,Male,Russia,Pskov,4361 Havey Road,953-644-9574
523,Sherlocke,Kepp,skeppei@webmd.com,Male,China,Jiangqiao,078 Springs Terrace,377-517-1370
524,Hasty,Gorries,hgorriesej@umn.edu,Male,Nigeria,Oyo,7 Havey Trail,614-211-4914
525,Edin,Gadeaux,egadeauxek@npr.org,Female,Sweden,Nässjö,0973 Center Court,283-466-3513
526,Claiborne,Ivashnikov,civashnikovel@rediff.com,Male,France,Mantes-la-Jolie,3 Hauk Center,873-932-6501
527,Penni,Levicount,plevicountem@reddit.com,Female,Uganda,Oyam,8366 Becker Parkway,615-626-0709
528,Alaster,Filyaev,afilyaeven@opensource.org,Male,Philippines,Tariji,245 Carpenter Court,547-543-2508
529,Dukey,Malpass,dmalpasseo@weibo.com,Male,China,Lijiaping,3 Elgar Point,646-650-8480
530,Binni,Lodevick,blodevickep@oaic.gov.au,Female,Philippines,San Enrique,0078 Loeprich Street,918-274-3428
531,Oates,O'Tierney,ootierneyeq@nsw.gov.au,Male,Greece,Skalánion,48619 Heath Drive,260-932-4831
532,Carleton,Croasdale,ccroasdaleer@usatoday.com,Male,Thailand,Nong Yai,53967 Spenser Avenue,540-468-3283
533,Emilio,Rowling,erowlinges@latimes.com,Male,China,Jinglou,227 Fairfield Court,882-403-5329
534,Shermie,Kilbey,skilbeyet@rakuten.co.jp,Male,Philippines,Capalonga,84194 Autumn Leaf Pass,616-489-6151
535,Cris,Broadis,cbroadiseu@sogou.com,Male,China,Gongqiao,655 Main Pass,166-324-0685
536,Lowell,Calladine,lcalladineev@eepurl.com,Male,France,Mulhouse,566 Shopko Crossing,614-494-7121
537,Bessie,Matic,bmaticew@exblog.jp,Female,Brazil,Guaçuí,3 Trailsway Circle,745-950-7142
538,Natalie,Antrag,nantragex@xrea.com,Female,China,Guofu,70050 Heffernan Trail,577-735-7538
539,Milena,Liverseege,mliverseegeey@theguardian.com,Female,Uzbekistan,Qiziltepa Shahri,05 Burrows Alley,834-938-6064
540,Eloisa,Meaders,emeadersez@gmpg.org,Female,Costa Rica,San Rafael,81276 Corscot Court,210-396-3323
541,Nealon,Kleint,nkleintf0@nih.gov,Male,United States,Shreveport,1910 Forster Plaza,318-402-2394
542,Tod,Klempke,tklempkef1@baidu.com,Male,Portugal,Castanheira,84 Clove Avenue,876-745-0572
543,Rice,Pruvost,rpruvostf2@nih.gov,Male,Japan,Ina,5186 Randy Way,442-530-9611
544,Tiffanie,O'Cuddie,tocuddief3@cbc.ca,Female,Venezuela,San José de Barlovento,127 Waywood Crossing,693-241-8953
545,Bernadina,Wildgoose,bwildgoosef4@simplemachines.org,Female,Poland,Łagów,6459 Center Center,647-798-6782
546,Benedetta,Jenkins,bjenkinsf5@flickr.com,Female,Poland,Ołpiny,8954 Dorton Center,810-469-9479
547,Basilius,St. Hill,bsthillf6@marketwatch.com,Male,Micronesia,Kolonia Town,776 Bunting Plaza,248-591-4962
548,Georgeanna,Brolan,gbrolanf7@hostgator.com,Female,Macedonia,Крушопек,0 Northfield Center,162-494-7954
549,Michael,O'Drought,modroughtf8@slashdot.org,Male,Pakistan,Rājo Khanāni,1016 Ronald Regan Park,893-283-1638
550,Collin,McLane,cmclanef9@simplemachines.org,Male,China,Huangjin,782 High Crossing Crossing,957-619-6432
551,Meryl,Halwill,mhalwillfa@ca.gov,Female,China,Shangyu,0 Meadow Vale Crossing,271-568-2837
552,Laurice,Machen,lmachenfb@scientificamerican.com,Female,China,Kamru,22875 Hintze Alley,650-939-6156
553,Noelle,O'Glassane,noglassanefc@csmonitor.com,Female,Canada,Peterborough,505 Sauthoff Hill,315-404-1113
554,Russell,Pohling,rpohlingfd@mapquest.com,Male,Sweden,Herrljunga,47777 Algoma Trail,764-886-7338
555,Lancelot,Reignould,lreignouldfe@va.gov,Male,Indonesia,Meringkik,48170 Reindahl Plaza,592-980-4187
556,Edin,Elliman,eellimanff@addthis.com,Female,Russia,Izmaylovo,30 Erie Hill,149-275-0275
557,Ellette,Upex,eupexfg@telegraph.co.uk,Female,South Africa,Balfour,61 Cardinal Junction,844-686-6195
558,Hynda,Duffus,hduffusfh@scribd.com,Female,China,Doushaguan,87296 Gina Parkway,215-396-6845
559,Astrix,Baroux,abarouxfi@hc360.com,Female,China,Zigong,00 Birchwood Plaza,949-541-3006
560,Zena,McCoole,zmccoolefj@51.la,Female,Portugal,Agrela,49321 Prairie Rose Road,724-126-7298
561,Adham,Gillingwater,agillingwaterfk@aol.com,Male,Serbia,Novi Karlovci,0936 Canary Drive,330-927-5288
562,Darci,Leppingwell,dleppingwellfl@eventbrite.com,Female,Indonesia,Sukasirna,7 Mitchell Plaza,549-927-8850
563,Elga,Bengtson,ebengtsonfm@smh.com.au,Female,Mexico,Emiliano Zapata,216 Golf Course Hill,158-268-1396
564,Alberik,Eaglesham,aeagleshamfn@bloomberg.com,Male,China,Shiqiao,1318 Mendota Point,453-950-9355
565,Dannie,Cater,dcaterfo@sitemeter.com,Female,Philippines,Arcangel,9194 Sheridan Parkway,359-595-9956
566,Darn,Berns,dbernsfp@flickr.com,Male,China,Jiangkou,4485 Russell Trail,849-284-0193
567,Artus,Dilland,adillandfq@dedecms.com,Male,China,Yanggan,36 Fallview Way,435-476-2230
568,Aldridge,Pellew,apellewfr@wordpress.com,Male,Cuba,Cacocum,9508 Bunker Hill Lane,797-523-5241
569,Austen,Glyn,aglynfs@unicef.org,Male,Indonesia,Rote,416 Riverside Point,720-132-0701
570,Saundra,Steedman,ssteedmanft@ifeng.com,Female,Portugal,Lamas,146 Ludington Street,246-821-2777
571,Wilek,Sandom,wsandomfu@buzzfeed.com,Male,Sweden,Visby,45352 Dakota Alley,110-840-1354
572,Stanislas,Beck,sbeckfv@pinterest.com,Male,China,Wan’an,26 Duke Street,724-655-9633
573,Irvin,Morffew,imorffewfw@angelfire.com,Male,China,Wujingfu,3 Dixon Parkway,249-492-7711
574,Bobbette,Vaskin,bvaskinfx@hugedomains.com,Female,Malawi,Blantyre,997 Walton Crossing,756-371-9727
575,Shelden,Andersch,sanderschfy@barnesandnoble.com,Male,Portugal,Afonsoeiro,07392 Mallory Road,277-247-1377
576,Talbot,Asty,tastyfz@cloudflare.com,Male,United States,Santa Ana,40 Fulton Way,714-571-4483
577,Beitris,Taffs,btaffsg0@liveinternet.ru,Female,France,Châteauroux,26 School Alley,887-148-9527
578,Krista,Steger,kstegerg1@etsy.com,Female,Bosnia and Herzegovina,Popovi,55 Victoria Parkway,822-104-3179
579,Nannette,Otter,notterg2@cyberchimps.com,Female,China,Qinggang,9136 Namekagon Road,633-736-8143
580,Cissy,Mishaw,cmishawg3@google.co.uk,Female,Sweden,Ytterby,73791 Johnson Place,819-545-9683
581,Reed,Bartrum,rbartrumg4@macromedia.com,Male,Indonesia,Ngandangan,552 Bunting Way,542-200-0278
582,Bethina,Denyukhin,bdenyukhing5@samsung.com,Female,Philippines,Cogtong,57 Superior Parkway,704-846-0110
583,Gordie,Clears,gclearsg6@who.int,Male,Philippines,Pulo,1050 Westport Pass,544-170-7648
584,Myrtle,Kilford,mkilfordg7@blog.com,Female,China,Longlisuo,640 Superior Park,564-637-0153
585,Lonna,Ellse,lellseg8@home.pl,Female,Ecuador,San Gabriel,55168 Hollow Ridge Road,217-837-5295
586,Amie,Imesen,aimeseng9@youku.com,Female,China,Malichang,8721 Prairieview Alley,770-411-0580
587,Perrine,Shrimpton,pshrimptonga@rediff.com,Female,Philippines,Loay,3349 Oak Street,754-274-3228
588,Leland,Hallowes,lhallowesgb@indiegogo.com,Female,Malaysia,Kuantan,040 Mayfield Terrace,116-222-2415
589,Scot,Tootal,stootalgc@shop-pro.jp,Male,Morocco,Tiznit,0 Bunker Hill Lane,415-722-2300
590,Garnet,Cheevers,gcheeversgd@woothemes.com,Female,China,Lengshuijing,4224 Lotheville Point,674-664-2133
591,Kaia,Amey,kameyge@bravesites.com,Female,Poland,Sypniewo,24795 Coolidge Hill,365-834-5213
592,Mario,Littledyke,mlittledykegf@cnbc.com,Male,Philippines,Santa Cruz,31456 Mosinee Avenue,201-979-5420
593,Drud,Haselden,dhaseldengg@wufoo.com,Male,United States,Washington,73428 Rusk Court,202-555-8884
594,Kingsly,Domney,kdomneygh@ehow.com,Male,Samoa,Safotu,08383 Gale Center,692-212-5204
595,Jeanie,Spacy,jspacygi@marriott.com,Female,United States,Denver,920 Pine View Road,303-819-7656
596,Berti,Mimmack,bmimmackgj@tamu.edu,Male,Philippines,Tran,54546 Basil Drive,151-404-3412
597,Florian,Clegg,fclegggk@friendfeed.com,Male,China,Shanxi,06 Eastlawn Center,593-744-2649
598,Latrena,O'Dowd,lodowdgl@stanford.edu,Female,France,Beaune,01 Everett Avenue,593-584-9303
599,Sig,Velten,sveltengm@elegantthemes.com,Male,Brazil,Itajaí,680 Victoria Road,316-334-3974
600,Andy,Fairhall,afairhallgn@networksolutions.com,Male,China,Pinghu,0262 Manufacturers Pass,986-334-8024
601,Tailor,Slesser,tslessergo@boston.com,Male,Brazil,Glória do Goitá,8 Farwell Pass,402-676-1979
602,Adolph,Golborn,agolborngp@elpais.com,Male,China,Hongtang,9769 Daystar Lane,702-376-9308
603,Bride,Boness,bbonessgq@buzzfeed.com,Female,Guatemala,Melchor de Mencos,26 Truax Parkway,480-506-6889
604,Coraline,Norbury,cnorburygr@com.com,Female,Brazil,Itaúna,0596 Oriole Place,588-839-0110
605,Millicent,Mateiko,mmateikogs@goo.ne.jp,Female,France,Paris 01,90 Springs Point,845-432-6069
606,Margeaux,Viel,mvielgt@google.cn,Female,Croatia,Starigrad,8717 Corry Place,710-986-2148
607,Benny,de Glanville,bdeglanvillegu@pagesperso-orange.fr,Male,Indonesia,Ngulakan,0677 Rusk Road,227-902-4095
608,Austen,Revance,arevancegv@marketwatch.com,Male,Indonesia,Cikadu,0 Porter Crossing,443-335-6443
609,Harmonie,Trewhitt,htrewhittgw@yahoo.com,Female,Argentina,Alderetes,21 Chinook Place,945-233-4824
610,Georgeanne,Popple,gpopplegx@accuweather.com,Female,Yemen,Ma‘bar,8661 Lotheville Lane,968-618-3203
611,Foster,Witherington,fwitheringtongy@vk.com,Male,Ukraine,Uzyn,0412 Manufacturers Trail,467-108-3731
612,Mordy,Twinning,mtwinninggz@bloglines.com,Male,Sweden,Skoghall,87759 Ruskin Trail,612-419-0457
613,Boonie,Thurborn,bthurbornh0@xinhuanet.com,Male,Argentina,Leones,7781 Clove Terrace,392-833-5908
614,Euell,Smalman,esmalmanh1@about.com,Male,Philippines,Liwan,940 Eastwood Park,294-747-7953
615,Sibby,Kubek,skubekh2@etsy.com,Female,China,Xinzhou,6 Oxford Circle,418-760-1836
616,Kelcie,Scargill,kscargillh3@squarespace.com,Female,Greece,Páchni,4 Kennedy Crossing,253-594-7429
617,Iona,Fluger,iflugerh4@miibeian.gov.cn,Female,Netherlands,Utrecht (stad),7 Redwing Pass,328-263-6264
618,Prudy,Rudwell,prudwellh5@plala.or.jp,Female,Poland,Janowice,83804 Northport Crossing,670-924-7992
619,Reine,Lenchenko,rlenchenkoh6@bbb.org,Female,Russia,Gvardeysk,36035 Elmside Lane,466-766-8961
620,Ferris,Berrey,fberreyh7@eventbrite.com,Male,China,Kangping,18893 Redwing Circle,860-406-5358
621,Eugenio,Toll,etollh8@npr.org,Male,Indonesia,Kasembon,983 Valley Edge Alley,754-991-8125
622,Sheelah,Behrens,sbehrensh9@istockphoto.com,Female,Pakistan,Garhi Yāsīn,78 Northridge Lane,524-417-7398
623,Aluino,Nusche,anuscheha@ucoz.ru,Male,Philippines,Palagao Norte,53 Kennedy Point,125-310-8712
624,Raeann,Haughian,rhaughianhb@issuu.com,Female,Palestinian Territory,Al Ḩīlah,43 Clarendon Lane,604-649-3488
625,Red,Celle,rcellehc@is.gd,Male,Indonesia,Paojan,17 Valley Edge Terrace,926-211-5821
626,Conney,Wiggett,cwiggetthd@webeden.co.uk,Male,Sweden,Bromölla,28303 Pond Circle,995-437-4355
627,Peterus,Lougheid,plougheidhe@webeden.co.uk,Male,Morocco,Khemisset,9 Monica Road,469-167-1949
628,Noella,Hrinishin,nhrinishinhf@statcounter.com,Female,China,Zhuangtou,01 Heffernan Terrace,974-883-5692
629,Marga,Trudgian,mtrudgianhg@soup.io,Female,Brazil,Atibaia,6581 High Crossing Street,452-810-0668
630,Town,MacCambridge,tmaccambridgehh@blogger.com,Male,Slovenia,Portorož,43 Loeprich Pass,147-551-1403
631,Dusty,Tomkys,dtomkyshi@yale.edu,Female,Luxembourg,Steinsel,750 Blackbird Lane,995-514-2128
632,Skyler,Carr,scarrhj@tamu.edu,Male,Russia,Pravda,33 Cambridge Avenue,296-424-7946
633,Greer,Khomishin,gkhomishinhk@cyberchimps.com,Female,Brazil,Itapuranga,0582 New Castle Avenue,911-333-1148
634,Ricca,Nuton,rnutonhl@sina.com.cn,Female,Portugal,Ereira,94 Autumn Leaf Court,759-977-0142
635,Marita,Bardill,mbardillhm@bandcamp.com,Female,Venezuela,Siquisique,36009 Green Ridge Plaza,440-612-5501
636,Dewey,Riccardo,driccardohn@mysql.com,Male,Afghanistan,Shahrak,3775 Crownhardt Place,298-633-1585
637,Thain,Butterfint,tbutterfintho@ustream.tv,Male,Russia,Shaami-Yurt,6426 Sutherland Avenue,689-173-1405
638,Eddy,Muffen,emuffenhp@pbs.org,Male,Philippines,Santa Cruz,94 Ridge Oak Pass,523-614-4304
639,Emmi,Emmerson,eemmersonhq@alexa.com,Female,Bosnia and Herzegovina,Čapljina,2300 Mifflin Avenue,190-217-4885
640,Dayna,Beringer,dberingerhr@sun.com,Female,China,Erlangkou,33 Bartelt Parkway,936-804-3345
641,Carolyne,Lindblad,clindbladhs@comcast.net,Female,Russia,Buturlinovka,71184 Upham Street,438-964-7604
642,Stearn,Gribble,sgribbleht@lycos.com,Male,Canada,Markham,2496 Moland Drive,176-209-5566
643,Kacey,Kidde,kkiddehu@pen.io,Female,Tunisia,Zarzis,09 Village Street,955-294-1414
644,Nicky,Ryburn,nryburnhv@cpanel.net,Male,Russia,Novocherkassk,1 Clemons Park,222-479-8691
645,Nertie,Howen,nhowenhw@youku.com,Female,Greece,Genisséa,59 Fallview Street,898-319-2813
646,Katrinka,Fittall,kfittallhx@lycos.com,Female,Japan,Ueki,2 Barnett Point,230-894-7992
647,Shanie,Nestor,snestorhy@so-net.ne.jp,Female,Argentina,Libertador General San Martín,4 Sauthoff Crossing,959-809-8836
648,Elicia,Kernan,ekernanhz@csmonitor.com,Female,Poland,Białołeka,30757 Redwing Way,684-368-8417
649,Irina,Harder,iharderi0@etsy.com,Female,China,Hehe,4 Canary Plaza,156-654-9865
650,Evelin,Garretson,egarretsoni1@sfgate.com,Male,Norway,Oslo,14356 Hooker Center,251-240-1771
651,Stefania,Luttger,sluttgeri2@51.la,Female,France,Pantin,46400 Fisk Avenue,340-756-8053
652,Coral,Mower,cmoweri3@typepad.com,Female,China,Cezi,517 International Court,789-916-3866
653,Agata,Lycett,alycetti4@bloglovin.com,Female,Philippines,Magsalangi,4 Butterfield Road,470-686-8665
654,Hewie,Tredgold,htredgoldi5@printfriendly.com,Male,Russia,Novokubansk,9242 Mitchell Court,277-900-7397
655,Giacomo,Ewers,gewersi6@mashable.com,Male,Russia,Srednebelaya,942 Parkside Street,520-335-9761
656,Bernarr,Murrhaupt,bmurrhaupti7@salon.com,Male,China,Mianhu,937 Donald Circle,818-936-0493
657,Drusi,Bonson,dbonsoni8@cornell.edu,Female,Thailand,Bang Bon,8 Prairieview Park,907-862-7026
658,Debbi,Seden,dsedeni9@netlog.com,Female,Philippines,Puerto Princesa,8 Clemons Plaza,251-916-0773
659,Susan,Pfaffe,spfaffeia@archive.org,Female,Russia,Gazimurskiy Zavod,30 Independence Place,792-438-7910
660,Arleyne,Rossbrooke,arossbrookeib@google.pl,Female,Brazil,Goiânia,1 Prairieview Point,318-655-2119
661,Georgina,Poon,gpoonic@facebook.com,Female,China,Huazhaizi,7 Gulseth Hill,498-886-7492
662,Gifford,Kid,gkidid@netvibes.com,Male,Sweden,Borås,160 Utah Plaza,364-604-5790
663,Jeth,Rooney,jrooneyie@etsy.com,Male,Slovenia,Ankaran,7 Homewood Park,738-766-1494
664,Karleen,Vardey,kvardeyif@sina.com.cn,Female,China,Wuxiang,4689 Thierer Drive,100-158-8005
665,Delmer,Squeers,dsqueersig@sbwire.com,Male,Peru,Niepos,0 Acker Hill,856-222-7107
666,Gordie,Coolahan,gcoolahanih@usatoday.com,Male,Poland,Olsztyn,7584 David Circle,169-714-9155
667,Brinn,Faulo,bfauloii@histats.com,Female,China,Silihe,6 Lukken Center,902-694-4573
668,Franchot,Castro,fcastroij@live.com,Male,Indonesia,Kepel,431 Larry Junction,152-144-6104
669,Blinny,Pelos,bpelosik@hud.gov,Female,China,Yuelai,4704 Beilfuss Avenue,641-259-3685
670,Svend,Childers,schildersil@lulu.com,Male,Russia,Bol’shoye Selo,440 West Center,687-535-7585
671,Concettina,Mountford,cmountfordim@shutterfly.com,Female,Japan,Ōmuta,65112 Clarendon Street,743-400-4553
672,Cherice,Banham,cbanhamin@addthis.com,Female,Macedonia,Dobrošte,351 Tomscot Alley,777-749-5672
673,Ganny,Pardi,gpardiio@cmu.edu,Male,Brazil,Matriz de Camaragibe,07187 Farragut Plaza,823-867-6509
674,Emmie,Djuricic,edjuricicip@fastcompany.com,Female,United States,Fresno,55 Aberg Alley,559-550-3144
675,Federica,Eddins,feddinsiq@nsw.gov.au,Female,Philippines,Aramayuan,34 Westridge Street,159-195-8183
676,Micky,Arendsen,marendsenir@fotki.com,Female,Peru,Pomacocha,8270 Di Loreto Lane,506-100-7830
677,Marilin,Bradford,mbradfordis@stanford.edu,Female,Mexico,Independencia,937 Dorton Drive,378-515-2726
678,Spense,Moreby,smorebyit@google.es,Male,Russia,Verkhnyaya Khava,58 Johnson Lane,849-170-7373
679,Carter,Wrettum,cwrettumiu@sourceforge.net,Male,China,Meishan,61519 Fordem Road,815-984-4214
680,Quintilla,Stratten,qstratteniv@google.com,Female,Indonesia,Majennang,981 Dovetail Lane,402-667-0609
681,Tyson,Lade,tladeiw@com.com,Male,Lithuania,Skuodas,810 Rigney Place,263-126-1380
682,Wye,Weyman,wweymanix@facebook.com,Male,Portugal,Cortiçóis,93756 Lotheville Point,255-234-9913
683,Tommi,Covelle,tcovelleiy@nbcnews.com,Female,Mexico,Altavista,06139 Rusk Parkway,522-243-7460
684,Gwennie,Decourt,gdecourtiz@biblegateway.com,Female,Indonesia,Krajan Nglinggis,17 Waxwing Crossing,861-205-6812
685,Flemming,Croal,fcroalj0@sphinn.com,Male,Central African Republic,Rafaï,78575 Boyd Hill,479-327-2442
686,Holden,Dimock,hdimockj1@gmpg.org,Male,China,Zhenghu,526 Cascade Park,906-424-5165
687,Rowland,Bresman,rbresmanj2@wikipedia.org,Male,Ukraine,Semenivka,8954 Cordelia Street,388-128-3230
688,Naomi,Turnor,nturnorj3@usgs.gov,Female,Albania,Shkodër,010 Quincy Lane,268-109-3757
689,Cori,Brennen,cbrennenj4@cnn.com,Male,Malaysia,Kuala Terengganu,68563 Hooker Crossing,951-368-8229
690,Chelsea,Capoun,ccapounj5@trellian.com,Female,China,Qilin,120 Hanson Circle,682-153-2913
691,Elsinore,Musslewhite,emusslewhitej6@pbs.org,Female,China,Tashi,30047 Merrick Crossing,252-502-8315
692,Khalil,Pietranek,kpietranekj7@constantcontact.com,Male,Indonesia,Krajan Tekung,849 Corry Lane,660-194-0697
693,Phillida,Lyptratt,plyptrattj8@mapquest.com,Female,Central African Republic,Ouango,35 Menomonie Crossing,928-951-7159
694,Charmain,Elsegood,celsegoodj9@ezinearticles.com,Female,China,Shanguang,7 High Crossing Point,956-633-3121
695,Mufinella,Goodby,mgoodbyja@oracle.com,Female,Indonesia,Baganhilir,87720 Namekagon Terrace,305-833-7779
696,Ralf,Hatry,rhatryjb@bravesites.com,Male,Kyrgyzstan,Kyzyl-Kyya,38 Pierstorff Court,887-513-8980
697,Milton,Haggis,mhaggisjc@nbcnews.com,Male,Indonesia,Mekarsari,4 Declaration Pass,416-583-7333
698,Gaile,Goad,ggoadjd@prlog.org,Male,Macedonia,Pirok,8600 Stoughton Place,641-299-6008
699,Leoline,Ruter,lruterje@hao123.com,Female,Indonesia,Lebahseri,16002 Pankratz Street,661-925-7743
700,Rikki,De Francesco,rdefrancescojf@tinyurl.com,Male,Sweden,Växjö,6 Norway Maple Lane,471-436-6038
701,Reeta,Whiteoak,rwhiteoakjg@domainmarket.com,Female,Nicaragua,Jinotega,86 Holy Cross Terrace,895-190-6129
702,Malinda,Matysik,mmatysikjh@ucoz.com,Female,Laos,Thatèng,924 Grim Avenue,595-835-2519
703,Conn,Carillo,ccarilloji@wix.com,Male,Thailand,Pran Buri,24617 Boyd Alley,756-115-1192
704,Cass,Deery,cdeeryjj@chronoengine.com,Female,China,Yuanquan,24 Hudson Court,296-238-0741
705,Amargo,Maldin,amaldinjk@soup.io,Female,Denmark,København,7726 David Terrace,282-644-7400
706,Thedric,Lilliman,tlillimanjl@ibm.com,Male,Indonesia,Munturkaju,88 Kipling Street,333-481-8660
707,Felisha,Bendel,fbendeljm@blogs.com,Female,Argentina,Rawson,2422 Redwing Circle,415-230-8506
708,Cele,Jansa,cjansajn@odnoklassniki.ru,Female,Tunisia,Dar Chabanne,99236 Claremont Street,533-432-9394
709,Bettina,Harg,bhargjo@rakuten.co.jp,Female,Portugal,Matos da Ranha,6869 Eagan Center,600-743-1272
710,Wilma,O'Hollegan,woholleganjp@dot.gov,Female,China,Dachun,35 Jenna Road,462-809-7403
711,Correy,MacCorkell,cmaccorkelljq@rakuten.co.jp,Female,China,Wuli,1393 Hudson Trail,247-409-0270
712,Jereme,Wheaton,jwheatonjr@google.ru,Male,China,Xiaoruo,026 Center Place,175-277-5712
713,Arabel,Mattimoe,amattimoejs@wired.com,Female,Philippines,Dinahican,929 Briar Crest Way,676-469-5838
714,Cleve,Westcarr,cwestcarrjt@usatoday.com,Male,Tunisia,Al Wardānīn,4 Huxley Way,891-489-5046
715,Isador,Burl,iburlju@bravesites.com,Male,Luxembourg,Useldange,8 Ryan Plaza,547-633-0805
716,Car,Prandi,cprandijv@sphinn.com,Male,Philippines,Talisay,37 Cordelia Pass,635-691-9341
717,Chadwick,Beardsall,cbeardsalljw@over-blog.com,Male,China,Gaohu,801 Trailsway Road,373-790-9349
718,Milka,Bowden,mbowdenjx@mysql.com,Female,Vietnam,Thanh Ba,54 Anderson Drive,714-878-3462
719,Sydelle,Melbourne,smelbournejy@independent.co.uk,Female,Thailand,Chok Chai,48902 Spaight Parkway,559-408-7290
720,Chiquia,Adderley,cadderleyjz@si.edu,Female,Colombia,Mogotes,9 Acker Alley,250-790-3150
721,Jeni,Huson,jhusonk0@google.com,Female,Sweden,Färgelanda,0 Declaration Center,548-416-6765
722,Oren,Penhaleurack,openhaleurackk1@usgs.gov,Male,Ukraine,Chervonopartyzans’k,31295 Summer Ridge Center,621-836-5487
723,Keene,Grealy,kgrealyk2@washingtonpost.com,Male,Argentina,Mercedes,82304 Russell Alley,903-761-6508
724,Joly,Fulk,jfulkk3@huffingtonpost.com,Female,Philippines,Baliuag,89 Fair Oaks Plaza,303-458-2864
725,Hamlen,Medlicott,hmedlicottk4@live.com,Male,China,Didian,3 Village Park,203-736-8607
726,Nickolai,McClinton,nmcclintonk5@oracle.com,Male,Luxembourg,Eschweiler,4 Center Point,112-807-1455
727,Aurora,Teodori,ateodorik6@nydailynews.com,Female,Philippines,Tanudan,29 Rowland Place,515-499-1826
728,Price,Sandbach,psandbachk7@examiner.com,Male,Brazil,Cabo Frio,996 Katie Pass,960-751-7870
729,Elliot,Aleksandrev,ealeksandrevk8@cbslocal.com,Male,Canada,Saint-Bruno-de-Montarville,9486 Dwight Alley,299-579-0103
730,Hollyanne,Crumbie,hcrumbiek9@cornell.edu,Female,China,Huangyang,64531 Lakewood Circle,423-537-9659
731,Nappie,Halt,nhaltka@sakura.ne.jp,Male,China,Lijiapu,35 5th Place,166-943-2321
732,Dalia,Oldcroft,doldcroftkb@hibu.com,Female,Russia,Solomenskoye,75 Morning Center,207-830-8417
733,Conan,Raiman,craimankc@tripod.com,Male,Philippines,Talipan,44686 Shoshone Park,692-911-7766
734,Gaspard,Raynham,graynhamkd@hud.gov,Male,Sweden,Kilafors,06 Manufacturers Circle,985-788-8634
735,Janos,Furnell,jfurnellke@aol.com,Male,Russia,Nytva,18 Pankratz Center,935-834-5375
736,Annabella,Povall,apovallkf@google.co.uk,Female,Japan,Hirara,5501 Comanche Alley,780-584-9418
737,Jordon,Carle,jcarlekg@usatoday.com,Male,Venezuela,Mucumpiz,86 Crownhardt Parkway,433-507-4387
738,Cindie,Gartshore,cgartshorekh@yolasite.com,Female,China,Hukou,9 Nevada Court,171-661-2683
739,Tiffani,Dovidaitis,tdovidaitiski@deviantart.com,Female,Portugal,Mafra,75 Parkside Way,113-985-5399
740,Jorie,Congrave,jcongravekj@sbwire.com,Female,Mexico,San Isidro,2 Coleman Place,354-621-9144
741,Zacharia,Bick,zbickkk@slideshare.net,Male,France,Cholet,31 Sugar Junction,791-656-1954
742,Fawnia,Somerville,fsomervillekl@nymag.com,Female,Indonesia,Bata Tengah,066 Melby Terrace,491-169-1276
743,Blithe,Ricson,bricsonkm@google.de,Female,China,Xinwu,1237 Cherokee Way,124-526-5349
744,Bryn,Robathon,brobathonkn@cnn.com,Male,Canada,Thessalon,20839 Glacier Hill Point,820-792-7920
745,Sarajane,Murden,smurdenko@miitbeian.gov.cn,Female,Russia,Zaymishche,4 Golden Leaf Alley,552-403-8761
746,Wain,Petty,wpettykp@discuz.net,Male,China,Dongcheng,409 Warbler Alley,480-555-9974
747,Reggis,Toplin,rtoplinkq@github.io,Male,China,Aqqan,08 Michigan Circle,509-156-5675
748,Ron,Whittock,rwhittockkr@fotki.com,Male,Indonesia,Cibatu,8517 Fair Oaks Plaza,752-779-6267
749,Kristos,Jarratt,kjarrattks@webeden.co.uk,Male,Ukraine,Hlyboka,042 Stoughton Hill,920-567-2657
750,Tailor,Perrie,tperriekt@google.it,Male,Vietnam,Ia Kha,656 Kensington Alley,940-845-4595
751,Dukie,Canon,dcanonku@naver.com,Male,Indonesia,Ciherang,527 Bunting Trail,349-229-9538
752,Magdalene,Beniesh,mbenieshkv@timesonline.co.uk,Female,United States,Fairbanks,2 Morning Crossing,907-897-8089
753,Gaven,Jursch,gjurschkw@washington.edu,Male,Nicaragua,Telpaneca,9589 La Follette Place,743-655-6013
754,Amelie,Santry,asantrykx@sina.com.cn,Female,China,Chahe,579 Vernon Hill,558-650-2642
755,Kanya,Reyes,kreyesky@blinklist.com,Female,China,Tongyuanpu,95260 Shopko Pass,646-127-9656
756,Angeline,Eilers,aeilerskz@umich.edu,Female,France,Montauban,8 Northwestern Circle,855-583-6402
757,Margy,Plampeyn,mplampeynl0@acquirethisname.com,Female,United States,Los Angeles,0 Redwing Lane,323-918-4678
758,Perri,Parkman,pparkmanl1@w3.org,Female,Poland,Bodzanów,095 Blaine Avenue,891-797-9045
759,Page,Fernando,pfernandol2@biblegateway.com,Male,Poland,Grzęska,730 Graceland Trail,789-690-4827
760,Michaeline,Callaghan,mcallaghanl3@paypal.com,Female,Portugal,Malhão,36 Kings Junction,238-705-3986
761,Nalani,Dickie,ndickiel4@ezinearticles.com,Female,China,Yunping,18 Northfield Center,221-292-6872
762,Diannne,Tregaskis,dtregaskisl5@mlb.com,Female,China,Changping,71 Merrick Plaza,361-813-5340
763,Allegra,Booij,abooijl6@independent.co.uk,Female,Ukraine,Vary,58 Grover Court,389-220-4405
764,Phillie,Torbet,ptorbetl7@geocities.com,Female,China,Baoquan,50217 Nobel Point,887-316-2212
765,Rhody,Fills,rfillsl8@free.fr,Female,Portugal,Alenquer,8495 Pennsylvania Center,166-869-2589
766,Alleen,Aslet,aasletl9@bloomberg.com,Female,China,Delong,0911 2nd Street,890-416-8748
767,Karlee,Daton,kdatonla@cargocollective.com,Female,Brazil,Penha,2083 Myrtle Street,382-938-1633
768,Melinde,Clawsley,mclawsleylb@freewebs.com,Female,Sweden,Saltsjöbaden,7782 Lake View Pass,415-986-4889
769,Allyn,Spencock,aspencocklc@apache.org,Female,Belarus,Byerazino,5095 Sauthoff Parkway,147-204-2612
770,Ariella,Sayles,asaylesld@etsy.com,Female,China,Liudong,26348 Hoard Place,550-357-2929
771,Adda,Paling,apalingle@omniture.com,Female,France,Évry,9 Troy Street,536-450-1858
772,Issy,Emanuelov,iemanuelovlf@pcworld.com,Female,Montenegro,Kotor,5 Columbus Center,840-749-2830
773,Clarabelle,Antrag,cantraglg@freewebs.com,Female,Czech Republic,Doksy,2 Harbort Junction,653-498-6365
774,Rab,Bryer,rbryerlh@pbs.org,Male,China,Hailin,55 Lukken Street,526-966-8183
775,Cleveland,De Pero,cdeperoli@miibeian.gov.cn,Male,China,Zhongshan,628 Summit Lane,132-529-7114
776,Torrie,Reubbens,treubbenslj@123-reg.co.uk,Female,China,Hecheng,999 Prairieview Hill,333-114-7973
777,Norean,Schukert,nschukertlk@bloglines.com,Female,Sweden,Perstorp,7132 Meadow Valley Street,641-950-9431
778,Dwayne,Halifax,dhalifaxll@cpanel.net,Male,Poland,Szczecin,23 Saint Paul Parkway,754-131-6080
779,Gareth,Conlaund,gconlaundlm@google.co.jp,Male,Indonesia,Awilega,1007 Mosinee Circle,842-391-4222
780,Cornelle,Lapwood,clapwoodln@google.ru,Female,Brazil,Ribeirópolis,51953 Lukken Hill,936-923-4266
781,Christoforo,Roux,crouxlo@zdnet.com,Male,Nigeria,Dan Sadau,7469 Nelson Street,267-785-9581
782,Dennie,Bewshea,dbewshealp@ucla.edu,Female,Czech Republic,Luka nad Jihlavou,0262 Pearson Circle,649-121-0282
783,Annelise,Patterfield,apatterfieldlq@tinypic.com,Female,Bangladesh,Ishurdi,902 Utah Road,891-736-2741
784,Durand,Jugging,djugginglr@yelp.com,Male,Finland,Lappajärvi,30680 Hudson Road,283-693-9000
785,Terra,Curson,tcursonls@europa.eu,Female,Greece,Símantra,794 Kropf Point,656-384-6023
786,Nap,Knath,nknathlt@illinois.edu,Male,Indonesia,Tabanan,991 Mcbride Crossing,163-280-7217
787,Kettie,Shawe,kshawelu@youtube.com,Female,Japan,Koga,4 Independence Lane,509-393-8519
788,Kit,Merington,kmeringtonlv@istockphoto.com,Female,United Kingdom,Kirkton,762 Kim Park,921-306-9676
789,Lissie,Elmhurst,lelmhurstlw@walmart.com,Female,Portugal,Novo,90116 Stephen Terrace,230-625-7532
790,Cliff,Simm,csimmlx@moonfruit.com,Male,Sweden,Oskarshamn,625 Warrior Center,855-529-7221
791,Raven,Curwen,rcurwenly@seattletimes.com,Female,Palau,Ngetkib,21150 Corscot Parkway,126-491-6736
792,Charmaine,Moralas,cmoralaslz@creativecommons.org,Female,Philippines,Gapan,5642 Kipling Center,486-527-1677
793,Meredeth,Dorcey,mdorceym0@multiply.com,Male,Indonesia,Mangli,695 Bultman Pass,665-393-8144
794,Gwenneth,Groundwator,ggroundwatorm1@nationalgeographic.com,Female,Uruguay,Baltasar Brum,55109 Express Street,754-699-8202
795,Huntington,Feld,hfeldm2@flickr.com,Male,Nigeria,Ngurore,9895 Ridge Oak Trail,283-218-8509
796,Marja,Foxon,mfoxonm3@psu.edu,Female,Tunisia,La Goulette,0 Kensington Pass,612-753-9287
797,Dun,Poyzer,dpoyzerm4@patch.com,Male,Canada,Gananoque,23 Village Terrace,471-546-8739
798,Gasper,Wicher,gwicherm5@uol.com.br,Male,Peru,Llusco,30733 Gerald Terrace,987-946-6373
799,Annmaria,Palmar,apalmarm6@topsy.com,Female,Israel,Yavne,56 Farwell Pass,771-678-1390
800,Kip,Whitten,kwhittenm7@quantcast.com,Male,Greece,Míthymna,5 Cody Pass,830-515-2405
801,Adiana,Ovens,aovensm8@wisc.edu,Female,Poland,Jedlnia-Letnisko,2 Judy Lane,382-713-5337
802,Mortie,Kohnen,mkohnenm9@theguardian.com,Male,Germany,Berlin,2012 Anhalt Lane,550-571-6690
803,Simonne,Smedmore,ssmedmorema@discovery.com,Female,Poland,Rogóźno,1719 Carpenter Center,830-281-1089
804,Kort,Stansby,kstansbymb@google.ru,Male,Croatia,Špišić-Bukovica,98 Parkside Park,368-130-0934
805,Doris,Iannazzi,diannazzimc@artisteer.com,Female,China,Qinhong,946 Westerfield Drive,599-519-4133
806,Edvard,Von Brook,evonbrookmd@mediafire.com,Male,China,Lianxia,07769 Sundown Way,740-871-4274
807,Clayton,Trimmill,ctrimmillme@odnoklassniki.ru,Male,China,Yunxi,99563 Northport Terrace,775-284-6165
808,Amalle,Philippsohn,aphilippsohnmf@slate.com,Female,Tajikistan,Gharavŭtí,778 Kingsford Alley,603-301-1441
809,Lance,Dyball,ldyballmg@eventbrite.com,Male,Portugal,Olhos de Água,44416 Norway Maple Avenue,903-126-0389
810,Ferdinand,Sames,fsamesmh@sfgate.com,Male,Indonesia,Babakan,9720 Amoth Plaza,354-575-8209
811,Kinna,Bruyntjes,kbruyntjesmi@mac.com,Female,China,Yangzhen,2 Marcy Circle,796-754-9798
812,Gasparo,Catterall,gcatterallmj@soundcloud.com,Male,Indonesia,Ambat,59 Corben Junction,979-661-1685
813,Albina,Parslow,aparslowmk@unblog.fr,Female,Canada,Stratford,1548 Shoshone Parkway,170-260-1418
814,Birk,Springle,bspringleml@ebay.co.uk,Male,Cyprus,Nicosia,1239 Barnett Plaza,399-861-4001
815,Vaclav,Pagett,vpagettmm@timesonline.co.uk,Male,Guatemala,San José,1396 Jay Road,527-900-3842
816,Wittie,Grave,wgravemn@alexa.com,Male,Japan,Satte,456 Lien Avenue,153-938-1737
817,Fayette,Auchinleck,fauchinleckmo@answers.com,Female,Indonesia,Pringu,3472 Autumn Leaf Avenue,285-354-7145
818,Carrie,Senechell,csenechellmp@gmpg.org,Female,Indonesia,Tubuhue,26638 Emmet Road,456-385-8196
819,Skipp,Guyet,sguyetmq@npr.org,Male,Indonesia,Gerdu,67 Clyde Gallagher Circle,514-946-7059
820,Addia,Zellner,azellnermr@cam.ac.uk,Female,Philippines,Santa Maria,6902 Oneill Alley,115-327-5248
821,Trev,Whettleton,twhettletonms@furl.net,Male,Russia,Taremskoye,08534 Jenifer Terrace,755-717-3619
822,Cary,Tschursch,ctschurschmt@nationalgeographic.com,Male,Argentina,Pehuajó,314 Continental Point,800-466-9835
823,Hervey,Stoaks,hstoaksmu@ihg.com,Male,Ecuador,Machala,1 Stone Corner Circle,599-147-4505
824,Patty,Laughnan,plaughnanmv@dell.com,Male,Netherlands,Tilburg,54 Hagan Parkway,460-599-4577
825,Penrod,Simioni,psimionimw@biglobe.ne.jp,Male,France,Cergy-Pontoise,64373 Lyons Pass,198-397-4287
826,Ailyn,Egleton,aegletonmx@soup.io,Female,China,Jinsha,3237 Ohio Plaza,887-382-4709
827,Rosabel,Krauze,rkrauzemy@gmpg.org,Female,China,Hecheng,9 Summerview Park,317-846-9999
828,Miof mela,Tschursch,mtschurschmz@theglobeandmail.com,Female,China,Xiazhai,113 Homewood Park,532-210-3858
829,Damian,Eriksson,derikssonn0@ehow.com,Male,Thailand,Chai Badan,8 Waubesa Parkway,781-930-9671
830,Donovan,Don,ddonn1@reddit.com,Male,Uzbekistan,Charxin,15 Blue Bill Park Hill,732-299-7817
831,Garrek,Maughan,gmaughann2@webs.com,Male,Indonesia,Danauparis,473 Butternut Point,921-952-4900
832,Kial,Douris,kdourisn3@usatoday.com,Female,Russia,Presnenskiy,373 Ronald Regan Pass,611-421-6298
833,Titus,Emslie,temslien4@hp.com,Male,United States,Huntington,1 Petterle Alley,304-588-7434
834,Gregor,Tookey,gtookeyn5@ucoz.ru,Male,Portugal,Vila Franca de Xira,6 4th Drive,620-567-5046
835,Marleah,Coburn,mcoburnn6@ox.ac.uk,Female,China,Zhuhong,4899 Lillian Parkway,829-686-9144
836,Dorothea,Trytsman,dtrytsmann7@creativecommons.org,Female,Colombia,Calimita,6263 Summerview Avenue,173-673-4256
837,Muhammad,McCullen,mmccullenn8@thetimes.co.uk,Male,Russia,Ob’,484 Saint Paul Terrace,346-632-5473
838,Carolee,Sowood,csowoodn9@is.gd,Female,Peru,Tamarindo,694 Northwestern Center,206-269-5941
839,Phillipe,Lantuff,plantuffna@behance.net,Male,Ukraine,Budy,6 Laurel Place,153-480-9254
840,Valene,Filippazzo,vfilippazzonb@slideshare.net,Female,Panama,Vista Hermosa,69021 Hooker Crossing,267-509-3243
841,Iain,Pinchon,ipinchonnc@google.com.br,Male,China,Laojiangjunjie,8420 Fremont Alley,345-192-4729
842,Nester,Anthonies,nanthoniesnd@cpanel.net,Male,New Zealand,Wellington,2 Holmberg Point,415-190-9557
843,Mabelle,Hellcat,mhellcatne@desdev.cn,Female,Venezuela,Maturín,168 Lyons Pass,658-964-3418
844,Michael,Paulo,mpaulonf@slashdot.org,Male,China,Xiangrong,3 Muir Junction,173-766-4271
845,Rolf,Baseley,rbaseleyng@sfgate.com,Male,Czech Republic,Sepekov,412 Truax Center,539-129-6684
846,Angil,Golborne,agolbornenh@php.net,Female,Indonesia,Lena,887 School Junction,845-182-8011
847,Kirsteni,Daubeny,kdaubenyni@seattletimes.com,Female,Nepal,Khāndbāri,98095 Blackbird Lane,443-172-6985
848,Sax,Duffie,sduffienj@icio.us,Male,Indonesia,Kawengan,720 Porter Street,220-359-0775
849,Ainslee,Phlippi,aphlippink@hc360.com,Female,China,Jingmen,881 International Point,517-888-2607
850,Esme,Deamer,edeamernl@cloudflare.com,Female,China,Dongjiahe,5464 Raven Road,131-242-9109
851,Gaelan,MacCoveney,gmaccoveneynm@hibu.com,Male,Pakistan,Dhanot,74545 Kinsman Plaza,532-187-4332
852,Gretta,Tolliday,gtollidaynn@technorati.com,Female,Russia,Pizhanka,81872 Lawn Place,764-692-6899
853,Sally,Paulig,spauligno@github.com,Female,Portugal,Lavandeira,42673 Mockingbird Point,238-613-9130
854,Jaquenetta,McGillacoell,jmcgillacoellnp@pcworld.com,Female,Ukraine,Velykyy Klyuchiv,6740 Steensland Road,158-454-1585
855,Egon,Rockwill,erockwillnq@hp.com,Male,France,Caen,2 Bashford Park,133-653-0183
856,Jonathon,Cluff,jcluffnr@networkadvertising.org,Male,Philippines,Manga,0813 Warner Drive,771-942-9702
857,Lynnelle,Scheu,lscheuns@cocolog-nifty.com,Female,Russia,Bryukhovetskaya,81937 Crowley Park,151-234-0463
858,Hannis,Dimitrie,hdimitrient@mozilla.com,Female,Netherlands,Rijswijk,5412 Blaine Park,348-299-4054
859,Henderson,Crebbin,hcrebbinnu@netlog.com,Male,Indonesia,Besuki,7 Lien Court,640-389-6548
860,Nickolaus,Podd,npoddnv@walmart.com,Male,Poland,Gozdnica,938 Fremont Parkway,766-479-1126
861,Rick,Scrivin,rscrivinnw@huffingtonpost.com,Male,United States,Honolulu,6 Golden Leaf Avenue,808-265-6153
862,Krisha,Banaszkiewicz,kbanaszkiewicznx@miitbeian.gov.cn,Male,Bangladesh,Joypur Hāt,5 Clove Pass,660-234-5511
863,Lisle,Vankin,lvankinny@merriam-webster.com,Male,Russia,Troparëvo,690 Cody Center,159-269-6702
864,Vinny,Melbourne,vmelbournenz@bluehost.com,Male,Japan,Chatan,1 Village Circle,496-290-3549
865,Ram,Bertin,rbertino0@sourceforge.net,Male,Vietnam,Liên Chiểu,34 Boyd Circle,254-357-6126
866,Athena,Speller,aspellero1@hc360.com,Female,Haiti,Dondon,993 Beilfuss Park,715-184-3958
867,Lonny,Norridge,lnorridgeo2@booking.com,Male,Senegal,Joal-Fadiout,4671 Sunfield Lane,790-281-6472
868,Harlan,MacPherson,hmacphersono3@feedburner.com,Male,China,Tuguan,672 Fulton Pass,540-359-4506
869,Darius,Warbey,dwarbeyo4@slideshare.net,Male,Czech Republic,Hostavice,1158 Barby Park,738-550-9721
870,Tammy,Constantinou,tconstantinouo5@reuters.com,Female,Russia,Verbilki,79908 Buena Vista Court,287-562-7980
871,Aura,Jahnke,ajahnkeo6@ocn.ne.jp,Female,Vietnam,Sơn Tịnh,043 Cambridge Road,420-262-4320
872,Raychel,Rattray,rrattrayo7@pen.io,Female,Sweden,Umeå,6770 Dwight Pass,936-904-9456
873,Cozmo,Irwin,cirwino8@princeton.edu,Male,Madagascar,Antsohihy,261 Dottie Pass,979-576-6612
874,Amata,Heggison,aheggisono9@icq.com,Female,Sweden,Hisings Kärra,9 Mallory Way,367-758-7445
875,Stefanie,Dekeyser,sdekeyseroa@istockphoto.com,Female,Israel,Sājūr,679 Tennyson Way,894-764-2482
876,Uriah,Leeson,uleesonob@wufoo.com,Male,China,Dongcun,32 Hooker Drive,121-289-5754
877,Travus,Hawkwood,thawkwoodoc@telegraph.co.uk,Male,China,Baolin,7738 Judy Center,625-212-4084
878,Donny,Croft,dcroftod@nsw.gov.au,Female,Ecuador,Cuenca,38305 Lawn Way,474-962-9329
879,Katee,Goney,kgoneyoe@1688.com,Female,Sweden,Stockholm,3 Dennis Way,392-406-9506
880,Alexis,Rudolph,arudolphof@1688.com,Male,China,Xinfu,066 Hansons Plaza,799-214-1935
881,Felita,Tanton,ftantonog@yelp.com,Female,Sweden,Vänersborg,6 Lotheville Way,550-881-7301
882,Uriah,Dudley,ududleyoh@tinyurl.com,Male,Sweden,Gränna,42 Commercial Way,765-993-8100
883,Lowrance,Fearey,lfeareyoi@boston.com,Male,Poland,Dębnica Kaszubska,93 Old Shore Trail,109-434-7555
884,Otto,Fairbard,ofairbardoj@google.fr,Male,China,Tianqian,4 Gateway Lane,958-416-9499
885,Hew,Purchon,hpurchonok@cnn.com,Male,Ethiopia,K’olīto,70 Emmet Avenue,176-635-9962
886,Alexandra,Arber,aarberol@goo.ne.jp,Female,Philippines,Santa Monica,7 Columbus Parkway,868-619-6421
887,Alic,Crispe,acrispeom@forbes.com,Male,Comoros,Itsandzéni,5 Lukken Court,375-985-7032
888,Randi,Fairburn,rfairburnon@theguardian.com,Female,Uzbekistan,Salor,49558 Corscot Center,523-922-4578
889,Christyna,Pacquet,cpacquetoo@bbc.co.uk,Female,Indonesia,Taluncemara,5824 Bowman Junction,443-833-3948
890,Gretta,Sparkwill,gsparkwillop@about.com,Female,China,Quma,13160 Reinke Street,679-393-2703
891,Alfy,Ackers,aackersoq@blogs.com,Male,Slovenia,Vitomarci,87937 Mesta Pass,527-172-6862
892,Dodi,Follit,dfollitor@shinystat.com,Female,Philippines,Kabankalan,143 Westerfield Point,576-245-4386
893,Tripp,Coche,tcocheos@sakura.ne.jp,Male,Belarus,Dokshytsy,5060 Larry Alley,235-176-7043
894,Anitra,Elderkin,aelderkinot@bbc.co.uk,Female,Japan,Nyūzen,433 Fulton Center,776-979-1945
895,Alene,Harriss,aharrissou@sakura.ne.jp,Female,Indonesia,Bondoboghila,01 Shopko Junction,886-194-6829
896,Clarke,Pelham,cpelhamov@hud.gov,Male,Indonesia,Krajan Baru,1467 Westridge Circle,619-372-4000
897,Carline,Connow,cconnowow@cpanel.net,Female,Russia,Priob’ye,8 Corry Court,964-512-2115
898,Michel,Bealton,mbealtonox@mac.com,Female,France,Bergerac,3043 1st Center,383-420-7482
899,Amory,Blasoni,ablasonioy@chronoengine.com,Male,Vietnam,Gò Quao,01074 Talmadge Crossing,827-101-2616
900,Griz,Ellingford,gellingfordoz@latimes.com,Male,Czech Republic,Klatovy,6618 Florence Circle,823-479-0446
901,Mariellen,Sarney,msarneyp0@google.de,Female,Mexico,Melchor Ocampo,2 Carioca Trail,301-928-2654
902,Rosetta,Lenz,rlenzp1@pagesperso-orange.fr,Female,Mexico,Emiliano Zapata,380 Spohn Point,598-840-3606
903,Virgilio,Brimner,vbrimnerp2@mayoclinic.com,Male,Germany,Bremen,61215 Red Cloud Park,667-108-7754
904,Mable,Olyfant,molyfantp3@newsvine.com,Female,Serbia,Mošorin,4 Memorial Alley,965-591-3029
905,Christophe,Romagosa,cromagosap4@archive.org,Male,China,Luofang,07384 Bayside Parkway,907-177-6098
906,Flem,Turmall,fturmallp5@reuters.com,Male,Spain,Leon,6 Darwin Alley,792-742-2904
907,Dorisa,Hurring,dhurringp6@dailymotion.com,Female,France,Rennes,921 Sugar Place,626-487-6711
908,Nanette,Manssuer,nmanssuerp7@epa.gov,Female,China,Gaotian,91 Gerald Park,279-832-9938
909,Omar,Lowne,olownep8@sbwire.com,Male,Palau,Koror Town,89567 Ramsey Road,574-388-3633
910,Kendal,Rakestraw,krakestrawp9@tumblr.com,Male,China,Huazhou,5211 6th Trail,120-212-4347
911,Darya,Dando,ddandopa@github.io,Female,Czech Republic,Klášter,56063 Harper Trail,284-707-4877
912,Lucille,Mcmanaman,lmcmanamanpb@last.fm,Female,Canada,Chilliwack,45 Novick Lane,293-736-7000
913,Eamon,Alesio,ealesiopc@hugedomains.com,Male,China,Yuyangguan,00849 Oak Valley Street,341-461-8293
914,Ursala,Patise,upatisepd@scribd.com,Female,Portugal,Viana do Alentejo,6650 Nobel Plaza,429-106-6412
915,Gabriel,Hrishchenko,ghrishchenkope@about.com,Male,Brazil,Lavras da Mangabeira,5 Cordelia Court,876-819-7910
916,Wendi,Areles,warelespf@squidoo.com,Female,Russia,Sotnikovskoye,946 Texas Trail,996-938-3337
917,Jammal,Lamperti,jlampertipg@huffingtonpost.com,Male,Nigeria,Boju,9 Namekagon Plaza,196-392-6021
918,Vincenty,Plaskett,vplaskettph@slate.com,Male,Indonesia,Melati,93 Russell Center,388-456-4053
919,Ivory,Borne,ibornepi@noaa.gov,Female,Philippines,San Carlos,013 Forster Avenue,417-217-4107
920,Valdemar,Sodory,vsodorypj@hubpages.com,Male,Thailand,Ban Phaeo,7936 Bobwhite Pass,368-789-6248
921,Natty,Simon,nsimonpk@bizjournals.com,Female,Tunisia,Kasserine,81697 Grayhawk Way,275-560-3716
922,Sammy,Rayworth,srayworthpl@usda.gov,Female,Poland,Radymno,166 Waywood Crossing,364-343-7944
923,Isabella,Mordaunt,imordauntpm@deliciousdays.com,Female,Poland,Hyżne,42631 Blaine Pass,416-321-4575
924,Rikki,Chatters,rchatterspn@github.io,Male,Canada,Waterloo,2337 Larry Pass,190-281-3338
925,Tan,Wisdom,twisdompo@tinyurl.com,Male,Japan,Koshigaya,5687 Aberg Pass,785-709-7798
926,Myrwyn,Lucian,mlucianpp@google.co.uk,Male,China,Sanhe,08 Bay Center,575-821-5232
927,Berry,Nuttey,bnutteypq@flickr.com,Female,United States,Decatur,8 Crest Line Parkway,770-477-1701
928,Bjorn,Haffner,bhaffnerpr@hostgator.com,Male,Brazil,Itajaí,6914 Maple Junction,761-647-3114
929,Bernard,Barabich,bbarabichps@vistaprint.com,Male,Mauritius,Grand Sable,661 Buell Place,442-171-4784
930,Karin,Maccrae,kmaccraept@fema.gov,Female,Japan,Tsukumiura,49868 Sutherland Road,414-452-1769
931,Orella,Hast,ohastpu@csmonitor.com,Female,Indonesia,Werasari,5 Anthes Circle,933-242-4087
932,Mirabelle,Giametti,mgiamettipv@naver.com,Female,China,Shiyan,579 Browning Place,868-595-5727
933,Sonia,McCaffrey,smccaffreypw@mozilla.com,Female,Brazil,Aracruz,17 Kinsman Center,589-450-2291
934,Wade,Leipnik,wleipnikpx@yandex.ru,Male,China,Xihe,04305 Hintze Terrace,893-142-0821
935,Salmon,Brothwell,sbrothwellpy@uol.com.br,Male,Guatemala,Sibinal,4 Arizona Road,608-314-4594
936,Felice,Bein,fbeinpz@google.de,Female,Honduras,El Rancho,5642 Bayside Alley,979-218-3819
937,Tamara,Vasilischev,tvasilischevq0@goo.ne.jp,Female,Poland,Grzybowa Góra,0985 Lindbergh Trail,515-374-9395
938,Vinita,O'Riordan,voriordanq1@arizona.edu,Female,Russia,Kizel,5 Del Sol Point,809-634-5793
939,Andeee,De Mico,ademicoq2@indiegogo.com,Female,China,Zhangdun,058 Jana Terrace,477-679-7729
940,Gilbertine,Chesters,gchestersq3@merriam-webster.com,Female,Brazil,Vitória,101 Sommers Park,963-542-6789
941,Killian,Sharrard,ksharrardq4@foxnews.com,Male,Nepal,Butwāl,46470 Mallory Circle,477-180-8647
942,Koralle,Gerardi,kgerardiq5@geocities.com,Female,Netherlands,Arnhem,256 Parkside Road,298-585-3924
943,Izak,Legon,ilegonq6@woothemes.com,Male,China,Erdu,22223 Heath Parkway,507-706-0872
944,Sena,Chorlton,schorltonq7@youtube.com,Female,Russia,Strizhi,119 Fordem Alley,286-828-6421
945,Clayborne,Bart,cbartq8@nymag.com,Male,Nigeria,Dindima,7 Florence Junction,213-115-3700
946,Baldwin,Corriea,bcorrieaq9@hostgator.com,Male,Tanzania,Mugango,1513 Pond Pass,469-885-9333
947,Esme,Domenici,edomeniciqa@surveymonkey.com,Female,Chad,Bousso,67556 Brickson Park Terrace,396-495-7496
948,Charmaine,Karczinski,ckarczinskiqb@washingtonpost.com,Female,Indonesia,Prupuh,465 Fairview Place,529-826-6600
949,Consuelo,Philip,cphilipqc@sfgate.com,Female,Belarus,Sharkawshchyna,94 School Lane,643-224-0924
950,Mersey,Blamires,mblamiresqd@canalblog.com,Female,Indonesia,Jombang,1 Dahle Plaza,609-762-0736
951,Maureene,Busch,mbuschqe@dailymotion.com,Female,China,Jiwei,89 Kennedy Avenue,839-856-5219
952,Karlan,Geall,kgeallqf@wordpress.com,Male,Dominican Republic,Río Grande,6178 Lukken Terrace,251-667-9828
953,Reube,Woolhouse,rwoolhouseqg@wufoo.com,Male,Philippines,Mayo,12 Sloan Way,387-426-4574
954,Kelly,Kelsow,kkelsowqh@ovh.net,Male,China,Xiaojiezi,18842 West Street,740-204-5784
955,Budd,Fautley,bfautleyqi@topsy.com,Male,France,Mérignac,602 Arrowood Road,867-361-0342
956,Sherm,Beet,sbeetqj@yahoo.com,Male,Russia,Lotoshino,9 Killdeer Point,170-840-4009
957,Gerardo,Demicoli,gdemicoliqk@mtv.com,Male,Albania,Kokaj,703 Stephen Street,211-847-8992
958,Lewiss,Daddow,ldaddowql@bravesites.com,Male,Portugal,Ardazubre,9888 Superior Crossing,643-671-7844
959,Ellary,Gabbotts,egabbottsqm@51.la,Male,China,Mintian,6203 Mallard Lane,394-980-3293
960,Sigismondo,Gilks,sgilksqn@photobucket.com,Male,Poland,Werbkowice,2804 Hermina Junction,109-156-7275
961,Marylin,Muckle,mmuckleqo@linkedin.com,Female,New Zealand,Takaka,6254 Eggendart Court,133-146-2177
962,Maddy,Martinello,mmartinelloqp@vk.com,Female,Brazil,Pilar do Sul,30 Village Green Avenue,250-875-6661
963,Kimball,Anniwell,kanniwellqq@imdb.com,Male,China,Tengqiao,4252 Artisan Park,588-114-5075
964,Darb,Jacox,djacoxqr@bbc.co.uk,Male,Turkmenistan,Köneürgench,49599 Chive Alley,497-280-6749
965,Karlyn,Brodeau,kbrodeauqs@cdbaby.com,Female,Poland,Leżajsk,04866 Birchwood Pass,522-314-5808
966,Consuela,Balthasar,cbalthasarqt@noaa.gov,Female,China,Liupai,926 Riverside Circle,954-282-3346
967,Eduard,Swigg,eswiggqu@1und1.de,Male,Japan,Karatsu,58425 Bashford Lane,665-241-1282
968,Aldridge,Gentsch,agentschqv@dailymotion.com,Male,France,La Rochelle,3811 Lyons Way,990-775-8132
969,Joshia,Benstead,jbensteadqw@google.co.uk,Male,China,Hongshan,1 Shasta Circle,699-529-1773
970,Olenolin,Oaten,ooatenqx@utexas.edu,Male,Croatia,Repušnica,62 Vidon Avenue,672-616-7201
971,Ardith,Cariss,acarissqy@un.org,Female,United Kingdom,Leeds,9840 Susan Park,942-250-7615
972,Cora,Wyborn,cwybornqz@weibo.com,Female,Greece,Megalochórion,5 Lakeland Junction,503-239-1271
973,Giustino,Walklott,gwalklottr0@gmpg.org,Male,Brazil,Petrolina de Goiás,03864 Scott Lane,432-512-1690
974,Ximenez,Nineham,xninehamr1@oaic.gov.au,Male,Russia,Badar,892 Waubesa Drive,977-232-7240
975,Cristie,Dorking,cdorkingr2@hugedomains.com,Female,China,Huoshaoping,66602 Corben Center,278-364-9529
976,Corbin,Hedan,chedanr3@redcross.org,Male,China,Huangli,4 Gulseth Alley,194-892-4523
977,Rowe,Gentner,rgentnerr4@webeden.co.uk,Female,Honduras,Pueblo Nuevo,624 Artisan Place,500-897-1899
978,Christabel,Kirsche,ckirscher5@sogou.com,Female,Saudi Arabia,Al Muwayh,0 Rutledge Pass,715-144-8563
979,Jabez,Bowring,jbowringr6@geocities.jp,Male,Thailand,Ranot,489 International Park,339-304-6334
980,Gabi,Formilli,gformillir7@slashdot.org,Female,China,Jiaokou,5 Lake View Junction,914-628-4298
981,Worthington,Novic,wnovicr8@posterous.com,Male,Czech Republic,Hořice,9022 Merrick Center,371-417-1412
982,Mac,Scambler,mscamblerr9@4shared.com,Male,Indonesia,Cigoong,5614 Harper Pass,446-415-0047
983,Corney,Dietz,cdietzra@gmpg.org,Male,Ireland,Muff,6 Hauk Point,980-451-1558
984,Nikolia,Discombe,ndiscomberb@privacy.gov.au,Female,Japan,Yamoto,59062 Anzinger Alley,144-654-8700
985,Jobi,Witchell,jwitchellrc@instagram.com,Female,Indonesia,Tegalgunung,72505 Fremont Park,189-762-9184
986,Lesli,Gunn,lgunnrd@e-recht24.de,Female,Portugal,Azenha,76981 Upham Junction,641-363-3949
987,Ross,Torbard,rtorbardre@simplemachines.org,Male,Vietnam,Di Linh,90257 Harbort Court,236-920-0813
988,Ethelind,Dibner,edibnerrf@home.pl,Female,Colombia,Nariño,273 Bobwhite Place,480-222-7675
989,Heddie,Dagleas,hdagleasrg@weather.com,Female,French Polynesia,Vaitape,1441 Sheridan Street,837-597-6384
990,Gerri,Yaus,gyausrh@theatlantic.com,Female,Ukraine,Batiovo,06 Northwestern Avenue,415-205-3189
991,Barry,Edling,bedlingri@google.ca,Male,Ethiopia,Turmi,1 Barnett Center,256-645-6524
992,Wald,Mayers,wmayersrj@yellowbook.com,Male,China,Yucun,61534 Blaine Drive,574-626-2431
993,Harbert,Dallin,hdallinrk@acquirethisname.com,Male,Peru,Aguas Verdes,664 Union Point,702-470-9639
994,Conni,Chettle,cchettlerl@tripod.com,Female,Indonesia,Kampungtengah,0 Menomonie Pass,942-922-1961
995,Thatch,Saundercock,tsaundercockrm@amazon.co.jp,Male,Japan,Hakui,4139 Corben Court,194-421-8896
996,Hermina,Gounin,hgouninrn@github.com,Female,Bulgaria,Svoge,9 Riverside Hill,802-294-9811
997,Leland,Bartoszewicz,lbartoszewiczro@godaddy.com,Female,United States,Midland,9203 Elgar Center,989-499-9640
998,Rhett,Cornillot,rcornillotrp@tripadvisor.com,Male,Uganda,Kibingo,60587 Forest Dale Lane,390-670-8360
999,Reece,Greenslade,rgreensladerq@chronoengine.com,Male,Brazil,Codajás,30 Meadow Ridge Plaza,105-524-7799
1000,Sascha,Cronshaw,scronshawrr@myspace.com,Female,Philippines,Bulog,11 Carberry Road,330-718-8030
